-- phpMyAdmin SQL Dump
-- version 4.5.1
-- http://www.phpmyadmin.net
--
-- 主機: 127.0.0.1
-- 產生時間： 2016-06-04 11:28:01
-- 伺服器版本: 10.1.10-MariaDB
-- PHP 版本： 5.6.19

SET SQL_MODE = "NO_AUTO_VALUE_ON_ZERO";
SET time_zone = "+00:00";


/*!40101 SET @OLD_CHARACTER_SET_CLIENT=@@CHARACTER_SET_CLIENT */;
/*!40101 SET @OLD_CHARACTER_SET_RESULTS=@@CHARACTER_SET_RESULTS */;
/*!40101 SET @OLD_COLLATION_CONNECTION=@@COLLATION_CONNECTION */;
/*!40101 SET NAMES utf8mb4 */;

--
-- 資料庫： `group_06`
--
CREATE DATABASE IF NOT EXISTS `group_06` DEFAULT CHARACTER SET utf8 COLLATE utf8_unicode_ci;
USE `group_06`;

-- --------------------------------------------------------

--
-- 資料表結構 `3c`
--

CREATE TABLE `3c` (
  `id` int(10) NOT NULL COMMENT 'from product_id',
  `warranty` int(10) NOT NULL COMMENT '保固月份'
) ENGINE=InnoDB DEFAULT CHARSET=utf8 COLLATE=utf8_unicode_ci;

-- --------------------------------------------------------

--
-- 資料表結構 `book`
--

CREATE TABLE `book` (
  `id` int(10) NOT NULL COMMENT '書本編號',
  `lang` tinytext COLLATE utf8_unicode_ci NOT NULL COMMENT '書本語言',
  `category` tinytext COLLATE utf8_unicode_ci NOT NULL COMMENT '書本類型',
  `author` varchar(100) COLLATE utf8_unicode_ci NOT NULL COMMENT '作者',
  `translator` varchar(100) COLLATE utf8_unicode_ci DEFAULT NULL COMMENT '譯者',
  `publisher` varchar(100) COLLATE utf8_unicode_ci NOT NULL COMMENT '出版商',
  `publish_date` date NOT NULL COMMENT '出版日',
  `isbn` varchar(15) COLLATE utf8_unicode_ci NOT NULL COMMENT 'ISBN'
) ENGINE=InnoDB DEFAULT CHARSET=utf8 COLLATE=utf8_unicode_ci;

--
-- 資料表的匯出資料 `book`
--

INSERT INTO `book` (`id`, `lang`, `category`, `author`, `translator`, `publisher`, `publish_date`, `isbn`) VALUES
(1, '中文繁體', '程式設計', 'David Griffiths- Paul Barry', '楊仁和', '碁峰資訊', '2011-08-25', '9789862762691'),
(2, '中文繁體', '程式設計', '林信良', '', '碁峰資訊', '2015-09-30', '9789863477839'),
(3, '中文繁體', '程式設計', 'Dave C老易奕滕', '', '易習圖書', '2011-07-22', '9789866154836'),
(4, '中文繁體', '程式設計', '余晟', '', '上奇科技', '2016-02-26', '9789863756309'),
(5, '中文繁體', '程式設計', '酆士昌', '', '博碩文化', '2016-04-06', '9789864340965'),
(6, '中文繁體', '程式設計', '王曉華', '', '佳魁', '2016-03-25', '9789863792994'),
(7, '中文繁體', '程式設計', '江任捷', '', '博碩文化', '2016-02-05', '9789864340897'),
(8, '中文繁體', '程式設計', '健康資訊工程實驗室', '', '博碩文化', '2016-04-28', '9789864341047'),
(9, '中文繁體', '程式設計', 'Dave C老易奕滕', '', '易習圖書', '2011-07-22', '9789866154775'),
(10, '中文繁體', '程式設計', '劉汝佳', 'H&C', '碁峰資訊', '2014-09-23', '9789863473114'),
(11, '中文繁體', '程式設計', '鄭之婷、賴國安、徐豐智、邱文盛', '', '馥林文化', '2015-09-16', '9789864050093'),
(12, '中文繁體', '程式設計', '啊哈磊', 'H&C', '碁峰資訊', '2014-11-26', '9789863474364'),
(13, '中文繁體', '程式設計', '彼得潘', '', '松崗', '2015-03-20', '9789572243909'),
(14, '中文繁體', '程式設計', '洪維恩', '', '旗標', '2013-09-06', '9789863121404'),
(15, '中文繁體', '程式設計', '夏俊鸞、劉旭暉、邵賽賽、程浩', '', '佳魁', '2015-06-29', '9789863791737'),
(16, '中文繁體', '程式設計', '方匡南/朱建平/姜葉飛', 'H&C', '碁峰資訊', '2015-11-06', '9789863478157'),
(17, '中文繁體', '程式設計', '毛星雲 冷雪飛', '', '松崗', '2015-08-18', '9789572244456'),
(18, '中文繁體', '程式設計', '李春雄、李碩安', '', '碁峰資訊', '2015-05-27', '9789863475965'),
(19, '中文繁體', '程式設計', 'Bill Lubanovic', '賴屹民', '歐萊禮', '2015-09-22', '9789863477310'),
(20, '中文繁體', '程式設計', '王麗君', '', '碁峰資訊', '2015-06-02', '9789863476375'),
(21, '中文繁體', '程式設計', '蔡文龍/張傑瑞/何叡/吳昱', '', '碁峰資訊', '2015-12-07', '9789863478409'),
(22, '中文繁體', '程式設計', '張智星', '', '碁峰資訊', '2016-04-27', '9789863478775'),
(23, '中文繁體', '程式設計', 'Jeff Patton', '楊仁和', '歐萊禮', '2016-05-10', '9789863479468'),
(24, '中文繁體', '程式設計', 'Kyle Simpson', '黃銘偉', '歐萊禮', '2016-03-18', '9789863479666'),
(25, '中文繁體', '程式設計', '葉國勝', '', '易習圖書', '2016-02-18', '9789869254250'),
(26, '中文繁體', '程式設計', '飛樂鳥', '黃銘偉', '碁峰資訊', '2015-08-31', '9789863477020'),
(27, '中文繁體', '程式設計', '洪錦魁 蔡桂宏', '', '上奇科技', '2015-09-30', '9789863755050'),
(28, '中文繁體', '程式設計', '王曉華', 'H&C', '碁峰資訊', '2015-10-02', '9789863477648'),
(29, '中文繁體', '程式設計', 'Mark Summerfield', '蔣大偉', '碁峰資訊', '2010-11-26', '9789862760703'),
(30, '中文繁體', '程式設計', 'Jack Creasey', 'CAVEDU教育團隊 曾吉弘', '碁峰資訊', '2015-11-24', '9789863478386'),
(31, '中文繁體', '程式設計', '楊珮璐、宋強', '', '上奇科技', '2016-02-20', '9789863756262'),
(32, '中文繁體', '程式設計', '鄧文淵', '', '碁峰資訊', '2014-01-03', '9789863470274'),
(33, '中文繁體', '程式設計', 'たにぐちまこと', '', '旗標', '2015-10-13', '9789863122920'),
(34, '中文繁體', '程式設計', '高慧君', '', '松崗', '2016-01-13', '9789572244784'),
(35, '中文繁體', '程式設計', 'Elliot Williams', '莊啟晃/黃藤毅/莊雯琇/林', '歐萊禮', '2016-04-22', '9789863479697'),
(36, '中文繁體', '程式設計', 'Luciano Ramalho', '賴屹民', '歐萊禮', '2016-02-22', '9789863479116'),
(37, '中文繁體', '程式設計', 'Casey Reas- Ben Fry', '蔣大偉', '歐萊禮', '2016-03-25', '9789863479642'),
(38, '中文繁體', '程式設計', 'Bear Bibeault 等', '林信良', '碁峰資訊', '2016-03-30', '9789863479727'),
(39, '中文繁體', '程式設計', '侯捷', '', '碁峰資訊', '2008-07-30', '9789861547534'),
(40, '中文繁體', '程式設計', '俞甲子', '', '碁峰資訊', '2009-12-26', '9789861818283'),
(41, '中文繁體', '哲學總論', '雅士培', '傅佩榮', '立緒', '2015-09-08', '9789863600404'),
(42, '中文繁體', '哲學總論', '王昌偉、劉勇、張藝曦、張穎', '', '聯經', '2016-01-27', '9789570846416'),
(43, '中文繁體', '哲學總論', '康德', '李明輝', '聯經', '2008-09-25', '9789570833201'),
(44, '中文繁體', '哲學總論', '朱立安．巴吉尼', '陳信宏', '麥田', '2007-04-30', '9789861732374'),
(45, '中文繁體', '哲學總論', '朱立安．巴吉尼', '', '麥田', '2007-09-03', '9789861732886'),
(46, '中文繁體', '哲學總論', '彼得．弗列得瑞克．史陶生', '王文方', '聯經', '2016-04-22', '9789570846027'),
(47, '中文繁體', '哲學總論', '雷諾．博格', '李育霖、邱漢平、涂銘宏', '麥田', '2016-01-30', '9789863443193'),
(48, '中文繁體', '哲學總論', 'Eugen Fink', '簡水源', '師大書苑', '2016-05-25', '9789574967902'),
(49, '中文繁體', '哲學總論', '陳德興', '', '五南', '2009-09-01', '9789571155128'),
(50, '中文繁體', '哲學總論', '曾春海', '', '五南', '2009-10-03', '9789571151281'),
(51, '中文繁體', '哲學總論', '尚-保羅．沙特', '陳宣良', '左岸文化', '2012-07-04', '9789866723704'),
(52, '中文繁體', '哲學總論', '胡雯雯', '', '悅讀名品', '2012-11-02', '9789865971229'),
(53, '中文繁體', '哲學總論', '宋光宇', '', '萬卷樓', '2014-01-01', '9789577398376'),
(54, '中文繁體', '哲學總論', '紀潔芳 等', '', '新頁圖書', '2014-11-29', '9789866198298'),
(55, '中文繁體', '哲學總論', '馮友蘭', '', '臺灣商務', '2015-01-01', '9789570529685'),
(56, '中文繁體', '哲學總論', '史作檉', '', '自由之丘', '2015-06-24', '9789869132084'),
(57, '中文繁體', '哲學總論', '楊國榮', '', '五南', '2014-06-27', '9789571176185'),
(58, '中文繁體', '哲學總論', '陳平原', '', '三聯書店', '2014-07-18', '9789620435669'),
(59, '中文繁體', '哲學總論', '沈清松', '', '臺灣商務', '2014-09-01', '9789570529562'),
(60, '中文繁體', '哲學總論', '李歐塔', '車槿山', '五南', '2015-02-25', '9789571180137'),
(61, '中文繁體', '哲學總論', '崔金生', '', '德威國際', '2015-03-05', '9789865756307'),
(62, '中文繁體', '哲學總論', '龔耘、彭克慧、陸杰峰', '', '華威', '2015-05-13', '9789865942939'),
(63, '中文繁體', '哲學總論', '喬治．史坦納', '邱振訓', '立緒', '2015-05-13', '9789863600374'),
(64, '中文繁體', '哲學總論', '吉爾安娜．博拉朵莉', '蔡怡君/洪世謙審定', '南方家園', '2015-05-13', '9789869071031'),
(65, '中文繁體', '哲學總論', '吳怡', '', '東大', '2015-05-22', '9789571931081'),
(66, '中文繁體', '哲學總論', '吳孟謙、蔡孟翰、曾國祥', '', '聯經', '2015-05-22', '9789570845587'),
(67, '中文繁體', '哲學總論', '哈洛德．柯依瑟爾', '張存華', '商周出版', '2015-05-30', '4717702090005'),
(68, '中文繁體', '哲學總論', '王雪卿', '', '萬卷樓', '2015-07-01', '9789577399007'),
(69, '中文繁體', '哲學總論', '彭孟堯', '', '新學林', '2015-07-23', '9789862954546'),
(70, '中文繁體', '哲學總論', '寒哲', '胡亞非', '立緒', '2015-09-11', '9789863600466'),
(71, '中文繁體', '哲學總論', '史作檉', '', '典藏', '2015-09-15', '9789866049941'),
(72, '中文繁體', '哲學總論', '方滿錦', '', '萬卷樓', '2015-10-01', '9789577399533'),
(73, '中文繁體', '哲學總論', '史作檉', '', '典藏', '2015-10-15', '9789866049958'),
(74, '中文繁體', '哲學總論', '吳臻', '', '萬卷樓', '2015-12-01', '9789577399779'),
(75, '中文繁體', '哲學總論', '野七生', '', '三民', '2016-01-01', '9789571460932'),
(76, '中文繁體', '哲學總論', '文中子', '', '好讀', '2013-05-15', '9789861782768'),
(77, '中文繁體', '哲學總論', '傅佩榮', '', '九歌', '2015-07-01', '9789864500062'),
(78, '中文繁體', '哲學總論', '柄谷行人', '林暉鈞', '心靈工坊', '2014-04-14', '9789863570004'),
(79, '中文繁體', '哲學總論', '傅志彬', '', '達觀文化', '2014-07-01', '9789865958251'),
(80, '中文繁體', '哲學總論', '韓炳哲', '莊雅慈、管中琪', '大塊', '2015-03-30', '9789862135976'),
(81, '中文繁體', '心理學總論', '喬爾．利維', '黃庭敏', '大是', '2014-02-25', '9789865770211'),
(82, '中文繁體', '心理學總論', '蘇拉', '', '博悅博碩', '2015-04-21', '9789869169301'),
(83, '中文繁體', '心理學總論', '林郁', '', '天蠍座製作', '2015-05-06', '9789863166399'),
(84, '中文繁體', '心理學總論', '劉珊', '', '宇宙光', '2014-04-03', '9789577274472'),
(85, '中文繁體', '心理學總論', '麥凡勒', '', '卡司製作', '2014-05-17', '9789863165156'),
(86, '中文繁體', '心理學總論', '東土大唐', '', '大喜文化', '2015-10-21', '9789869227308'),
(87, '中文繁體', '心理學總論', '村井靖兒', '', '稻田', '2002-03-28', '9789572052990'),
(88, '中文繁體', '心理學總論', '海穆特．班尼須', '江雯娟', '商周出版', '2009-07-15', '9789866369001'),
(89, '中文繁體', '心理學總論', '楊明華', '', '驛站', '2010-10-04', '9789866260216'),
(90, '中文繁體', '心理學總論', '梅蘭妮‧克萊恩', '呂煦宗', '心靈工坊', '2005-11-15', '9789867574565'),
(91, '中文繁體', '心理學總論', '方洙正', '賴盈滿', '大塊', '2014-10-02', '9789862135495'),
(92, '中文繁體', '心理學總論', '陳凱', '', '靈活文化', '2004-10-01', '9789867841612'),
(93, '中文繁體', '心理學總論', '林克明', '', '心靈工坊', '2014-04-11', '9789863570011'),
(94, '中文繁體', '心理學總論', '弗洛伊德', '熊凱莉', '華成圖書', '2003-07-01', '9789576407130'),
(95, '中文繁體', '心理學總論', '佛洛依德', '丁偉', '華滋文化', '2015-07-26', '9789865767730'),
(96, '中文繁體', '心理學總論', '姜定宇、留佳莉等著', '', '五南', '2009-11-01', '9789571158129'),
(97, '中文繁體', '心理學總論', '鄭麗玉、陳秀蓉等合著', '', '五南', '2006-09-01', '9789571143811'),
(98, '中文繁體', '心理學總論', '朱儀羚', '', '濤石', '2004-08-26', '9789572908518'),
(99, '中文繁體', '心理學總論', '邱珍琬', '', '五南', '2009-09-01', '9789571156927'),
(100, '中文繁體', '心理學總論', '梁漱溟', '', '香港中和', '2012-02-26', '9789881588173'),
(101, '中文繁體', '心理學總論', '子浩', '', '海洋文化', '2010-10-05', '9789866307430'),
(102, '中文繁體', '心理學總論', '.', '', '天地圖書', '2012-03-27', '9789882116818'),
(103, '中文繁體', '心理學總論', '趙廣娜.裘村野', '', '晶冠', '2015-04-28', '9789865852467'),
(104, '中文繁體', '心理學總論', '樂國安', '', '五南', '2007-07-01', '9789571147482'),
(105, '中文繁體', '心理學總論', '香港中文大學心理學系編著', '', '中文大學', '2011-07-01', '9789629964559'),
(106, '中文繁體', '心理學總論', '河合俊雄', '林暉鈞', '心靈工坊', '2014-12-12', '9789863570196'),
(107, '中文繁體', '心理學總論', '岳曉東', '', '城市大學', '2012-01-01', '9789629371968'),
(108, '中文繁體', '心理學總論', '曾美智', '', '心靈工坊', '2014-12-15', '9789863570219'),
(109, '中文繁體', '心理學總論', '.', '', '萬里機構', '2012-03-27', '9789621438201'),
(110, '中文繁體', '心理學總論', '溫世頌', '', '三民', '2013-10-05', '9789571458564'),
(111, '中文繁體', '心理學總論', '余民寧', '', '三民', '2012-08-01', '9789571456843'),
(112, '中文繁體', '心理學總論', '蘇珊．強森', '江孟蓉/丁凡', '張老師', '2015-06-26', '9789576938580'),
(113, '中文繁體', '心理學總論', '張包意琴', '', '香港大學', '2012-04-01', '9789888083817'),
(114, '中文繁體', '心理學總論', '果果', '', '果實', '2016-05-03', '9789868982635'),
(115, '中文繁體', '心理學總論', '麥凡勒', '', '卡司製作', '2014-02-12', '9789863164869'),
(116, '中文繁體', '心理學總論', '張光斗', '', '商周出版', '2014-02-25', '9789862725368'),
(117, '中文繁體', '心理學總論', '希娜．艾恩嘉', '洪慧芳', '漫遊者', '2015-04-30', '9789865671426'),
(118, '中文繁體', '心理學總論', 'Richard J. Gerrig', '游恒山', '五南', '2014-03-01', '9789862802403'),
(119, '中文繁體', '心理學總論', '莫瑞．史丹', '陳世勳、伍如婷等', '心靈工坊', '2012-10-26', '9789866112584'),
(120, '中文繁體', '心理學總論', '舒霖', '', '爾雅', '2013-11-20', '9789576395697'),
(121, '中文繁體', '保健常識', '岡田正彥', '蘇胡', '大是', '2016-05-03', '9789865612467'),
(122, '中文繁體', '保健常識', '劉正才．朱依柏．鄒金賢', '', '美日文本', '2015-12-10', '9789869246408'),
(123, '中文繁體', '保健常識', '白澤卓二', '', '春天', '2015-11-05', '9789865706944'),
(124, '中文繁體', '保健常識', '許添盛醫師', '', '賽斯文化', '2016-05-05', '4712755201422'),
(125, '中文繁體', '保健常識', '松村敏雄', '簡承新', '臻品出版', '2015-02-06', '9789578006515'),
(126, '中文繁體', '保健常識', '萊納斯．鮑林', '黃玉明、曾院如', '博思智庫', '2011-05-01', '9789868626492'),
(127, '中文繁體', '保健常識', '室井一辰', '', '瑞昇文化', '2016-02-25', '9789864010738'),
(128, '中文繁體', '保健常識', '黃淑馨', '', '上優文化', '2016-04-08', '9789866479779'),
(129, '中文繁體', '保健常識', '服部光男', '高淑珍', '方舟文化', '2010-12-10', '9789868550650'),
(130, '中文繁體', '保健常識', '劉博仁', '', '新自然主義', '2015-02-24', '9789576967900'),
(131, '中文繁體', '保健常識', '顏宗海', '', '平安文化', '2016-03-28', '9789869261067'),
(132, '中文繁體', '保健常識', '岡田正?', '張暐', '楓葉社文化', '2016-02-01', '9789863700814'),
(133, '中文繁體', '保健常識', '湯淺慶朗', '林詠純', '方智', '2016-06-01', '9789861754284'),
(134, '中文繁體', '保健常識', '加藤俊德', '謝雪玲', '采實文化', '2016-05-10', '9789869303002'),
(135, '中文繁體', '保健常識', '菲利浦．彼德森', '楊心怡', '天下生活', '2015-09-02', '9789570388633'),
(136, '中文繁體', '保健常識', '大衛．博瑪特、克莉絲汀．羅伯格', '廖月娟', '天下文化', '2016-01-29', '9789863209263'),
(137, '中文繁體', '保健常識', '楊素卿、黃宗瀚', '劉素臻/黃筑歆', '新自然主義', '2014-12-26', '9789576967887'),
(138, '中文繁體', '保健常識', '急診女醫師其實', '', '晨星', '2015-04-01', '9789861779690'),
(139, '中文繁體', '保健常識', '川朗', '王曉維', '蘋果屋', '2015-09-11', '9789869173865'),
(140, '中文繁體', '保健常識', '岡本裕', '王慧娥', '天下雜誌', '2015-09-30', '9789863981060'),
(141, '中文繁體', '保健常識', '矢雄一郎', '劉滌昭', '悅知文化', '2015-10-12', '9789865617363'),
(142, '中文繁體', '保健常識', '井奧昇志', '伊之文', '三采', '2016-02-26', '9789863425519'),
(143, '中文繁體', '保健常識', '董益慶', '', '健行文化', '2016-04-01', '9789869254489'),
(144, '中文繁體', '保健常識', '陳文山', '', '悅讀名品', '2016-06-01', '9789869282253'),
(145, '中文繁體', '保健常識', '安保徹、石原結實、福田稔', '連程翔', '世茂', '2010-03-25', '9789866363337'),
(146, '中文繁體', '保健常識', '自凝心平', '楊孟芳', '采實文化', '2012-09-28', '9789866228452'),
(147, '中文繁體', '保健常識', '潘懷宗', '', '臺視文化', '2011-04-18', '9789575658847'),
(148, '中文繁體', '保健常識', '藤本靖', '黃瓊仙', '橡實', '2013-06-06', '9789866362774'),
(149, '中文繁體', '保健常識', '岡本裕', '王華懋', '平安文化', '2013-10-07', '9789578038820'),
(150, '中文繁體', '保健常識', '林文泉 博士', '', '樂果文化', '2015-08-03', '9789869191630'),
(151, '中文繁體', '保健常識', '李芬蘭', '', '康鑑', '2015-12-11', '9789863732266'),
(152, '中文繁體', '保健常識', '楊力', '', '時報文化', '2016-01-24', '9789571365060'),
(153, '中文繁體', '保健常識', '石川隆', '高淑珍', '晨星', '2015-07-01', '9789864430079'),
(154, '中文繁體', '保健常識', '楊定一', '', '天下生活', '2012-01-02', '9789866759703'),
(155, '中文繁體', '保健常識', '石井光', '', '三悅文化', '2015-08-26', '9789869206310'),
(156, '中文繁體', '保健常識', '陳俊旭', '', '天下文化', '2016-03-18', '9789863209621'),
(157, '中文繁體', '保健常識', '賴宇凡', '', '如果', '2013-07-05', '9789866006388'),
(158, '中文繁體', '保健常識', '劉博仁', '', '新自然主義', '2016-04-26', '9789576968181'),
(159, '中文繁體', '保健常識', '自凝心平', '蕭雲菁', '漫遊者', '2016-05-10', '9789869310406'),
(160, '中文繁體', '保健常識', '趙華鏞', '', '美好生活制', '2016-05-11', '9789869207591');

-- --------------------------------------------------------

--
-- 資料表結構 `game`
--

CREATE TABLE `game` (
  `id` int(10) NOT NULL,
  `category` tinytext COLLATE utf8_unicode_ci NOT NULL,
  `lang` tinytext COLLATE utf8_unicode_ci NOT NULL,
  `sale_date` date NOT NULL,
  `company` tinytext COLLATE utf8_unicode_ci,
  `platform` tinytext COLLATE utf8_unicode_ci,
  `multi_player` tinyint(1) NOT NULL DEFAULT '0'
) ENGINE=InnoDB DEFAULT CHARSET=utf8 COLLATE=utf8_unicode_ci;

-- --------------------------------------------------------

--
-- 資料表結構 `member`
--

CREATE TABLE `member` (
  `id` int(10) NOT NULL COMMENT '會員編號',
  `account` varchar(12) COLLATE utf8_unicode_ci NOT NULL COMMENT '會員帳號',
  `password` varchar(12) COLLATE utf8_unicode_ci NOT NULL COMMENT '密碼',
  `name` varchar(5) COLLATE utf8_unicode_ci NOT NULL COMMENT '姓名',
  `sex` enum('M','F') COLLATE utf8_unicode_ci NOT NULL COMMENT '性別',
  `birth` date NOT NULL COMMENT '生日',
  `tel_no` varchar(20) COLLATE utf8_unicode_ci DEFAULT NULL COMMENT '電話號碼',
  `addr` tinytext COLLATE utf8_unicode_ci COMMENT '地址',
  `mail` tinytext COLLATE utf8_unicode_ci NOT NULL COMMENT '電子郵件',
  `nickname` varchar(10) COLLATE utf8_unicode_ci NOT NULL COMMENT '暱稱',
  `level` tinyint(3) NOT NULL DEFAULT '1' COMMENT '會員等級'
) ENGINE=InnoDB DEFAULT CHARSET=utf8 COLLATE=utf8_unicode_ci;

--
-- 資料表的匯出資料 `member`
--

INSERT INTO `member` (`id`, `account`, `password`, `name`, `sex`, `birth`, `tel_no`, `addr`, `mail`, `nickname`, `level`) VALUES
(1, 'kk095866', '123456', '經', 'M', '1996-01-07', NULL, NULL, 'a@a.com', '沈', 1),
(2, 'rroott', '123456', '管理員姓名', 'F', '2016-05-26', NULL, NULL, 'A@A.A', '管理員暱稱', 2);

-- --------------------------------------------------------

--
-- 資料表結構 `order_list`
--

CREATE TABLE `order_list` (
  `b_id` int(10) NOT NULL COMMENT '單號id',
  `account` varchar(12) COLLATE utf8_unicode_ci NOT NULL COMMENT '購買者帳號',
  `time` datetime NOT NULL COMMENT '下訂時間',
  `sum` int(10) NOT NULL COMMENT '購買總金額',
  `pay` tinyint(1) NOT NULL DEFAULT '0' COMMENT '是否付款'
) ENGINE=InnoDB DEFAULT CHARSET=utf8 COLLATE=utf8_unicode_ci COMMENT='訂單';

-- --------------------------------------------------------

--
-- 資料表結構 `order_product`
--

CREATE TABLE `order_product` (
  `b_id` int(10) NOT NULL COMMENT '訂單ID',
  `product_id` int(10) NOT NULL COMMENT '產品ID',
  `quantity` int(10) NOT NULL DEFAULT '1' COMMENT '購買數量'
) ENGINE=InnoDB DEFAULT CHARSET=utf8 COLLATE=utf8_unicode_ci;

-- --------------------------------------------------------

--
-- 資料表結構 `product`
--

CREATE TABLE `product` (
  `id` int(10) NOT NULL COMMENT '商品編號',
  `type` enum('book','game','3c') COLLATE utf8_unicode_ci NOT NULL COMMENT '商品類型',
  `name` tinytext COLLATE utf8_unicode_ci NOT NULL COMMENT '商品名稱',
  `price` int(10) NOT NULL COMMENT '價格',
  `content` text COLLATE utf8_unicode_ci COMMENT '商品簡介',
  `inventory` int(10) NOT NULL DEFAULT '0' COMMENT '商品存貨量',
  `rank` tinyint(5) NOT NULL DEFAULT '0' COMMENT '商品評價',
  `sales` int(10) NOT NULL DEFAULT '0' COMMENT '銷售量',
  `pre_img` text COLLATE utf8_unicode_ci COMMENT '商品預覽圖片',
  `intro_img1` text COLLATE utf8_unicode_ci COMMENT '內部介紹圖片',
  `intro_img2` text COLLATE utf8_unicode_ci COMMENT '內部介紹圖片',
  `intro_img3` text COLLATE utf8_unicode_ci COMMENT '內部介紹圖片',
  `intro_video` text COLLATE utf8_unicode_ci COMMENT '內部介紹影片'
) ENGINE=InnoDB DEFAULT CHARSET=utf8 COLLATE=utf8_unicode_ci;

--
-- 資料表的匯出資料 `product`
--

INSERT INTO `product` (`id`, `type`, `name`, `price`, `content`, `inventory`, `rank`, `sales`, `pre_img`, `intro_img1`, `intro_img2`, `intro_img3`, `intro_video`) VALUES
(1, 'book', '深入淺出程式設計', 578, '《深入淺出程式設計》\r\n                                易學易用的編程指南 ‧把至關緊要的編程概念深植於你的大腦 ‧為你的工具箱增添方法、函式與物件等法寶 ‧避免讓程式的輸入與輸出把你耍得團團轉 ‧奠基於Python語言的編程學習指南 ‧以職業手法處理你的資料 ‧建立功能齊備且引人入勝的圖形化應用程式 ‧學習如何自動化擾人的重複性工作 『《深入淺出程式設計》以反覆式開發的程序清楚明瞭地教導程式設計，一點一滴、循序漸進地逐步增加理論與解釋的深度和廣度，再據以進行實際的編程工作，讓程式獲得持續不斷的提升與改善。這正是編程工作在真實世界中的理想發展模式。同時，本書亦善用教學論壇的優點，讓這樣的教導方式發揮得更淋漓盡致。我將這本書推薦給想要開始探索編程世界卻又不知從何著手的人，也將這本書推薦給非編程新手但是對Python語言有興趣的人。就一般化程式設計與Python編程而言，這絕對是一本值得好好品味的書籍。』 — Jeremy Jones，《Python for Unix and Linux System Administration》一書的共同作者 『David Griffiths與Paul Barry為"深入淺出系列"雕琢出另一個美麗的瑰寶。你使用電腦但卻厭倦於老是使用別人的軟體嗎？有什麼事情是你渴望程式能夠為你做的嗎？在《深入淺出程式設計》中，你將學會如何撰寫程式，讓電腦按照你的意思為你賣命。』 —Bill Mietelski，軟體工程師 你將從本書學到什麼？ 你渴望從書本中學會如何寫程式嗎？假如之前沒有任何撰寫程式的經驗，你可能不知道究竟該從哪裡下手。《深入淺出程式設計》介紹撰寫電腦程式的核心觀念 — 變數、邏輯判斷、迴圈、函式以及物件 — 適用於任何程式語言，並且利用具體的範例與練習，透過動態且多功能的Python語言，來應用及強化這些核心觀念，將它們深植於你的大腦中。 學習基本工具，實際動手撰寫你感興趣的程式，而非不求甚解地死記別人認為你應該具備的抽象概念，因而對軟體能夠（及不能夠）做什麼取得更好的掌握。透過一連串的腦力開發，《深入淺出程式設計》縮短了獲取複雜知識的學習曲線，不難預期，這將是一段充滿樂趣的學習之旅。完成本書閱讀之際，你將具備可以應用到任何你需要及想要學習之程式語言與軟體專案的紮實基本功。 這本書為何如此與眾不同？ 我們認為你的時間寶貴，不應該浪費在與新概念周旋不下的窘境中。運用認知科學與學習理論的最新研究成果，精心建構出一段引發多重感知的學習體驗。《深入淺出程式設計》採取專為大腦運作而設計的豐富視覺化風格，而不是令你昏昏欲睡的冗贅敘述。', 9, 0, 0, 'http://cdn.kingstone.com.tw/book/images/product/20147/2014713292780/2014713292780b.jpg', NULL, NULL, NULL, NULL),
(2, 'book', '用mBlock玩Arduino - Starting from Scratch', 300, '《用mBlock玩Arduino - Starting from Scratch》\r\n                                ‧使用基於Scratch 2.0的mBlock ‧採用最普及的Arduino Uno控制板 ‧以視覺化語言突顯程式設計概念 ‧可上傳程式至控制板的Arduino mode ‧透過Arduino mode認識Arduino IDE ‧作者離開學校十餘年後，透過Arduino得以興致盎然地重新探索電子電路相關知識，將感動與心得化為書籍分享。 ‧採用基於Scratch 2.0的mBlock，圖像式建構程式的方式，對程式設計入門者極為友善。 ‧藉由視覺化程式語言可用元素不多、容易佔據設計空間等問題，來突顯出程式設計的重要設計觀念。 ‧採用Arduino Uno銜接電子電路元件與模組，有利讀者未來進一步銜接Arduino進階書籍。 ‧Arduino mode可直接上傳程式至Arduino控制板，亦可將程式匯入Arduino IDE做適當編輯、修改。', 0, 0, 0, 'http://cdn.kingstone.com.tw/book/images/product/20147/2014713470324/2014713470324b.jpg', NULL, NULL, NULL, NULL),
(3, 'book', '索羅斯都要用的MetaTrader應用篇-程式員賺錢出頭天!', 198, '《索羅斯都要用的MetaTrader應用篇-程式員賺錢出頭天!》\r\n                                EA即Expert Advisors的英文縮寫，中文意思是專家顧問，一般俗稱智慧交易系統，就是由電腦模擬交易員的下單操作進行機器自動交易的過程。智慧交易系統的工作原理，就是由程式師借助一門電腦程式設計語言，通過編寫程式交易指令類比人類交易員的行為，進行下單操作實現機器自動進行交易的過程。主要執行過程可分為：盯盤->開倉->再盯盤->平倉，如此迴圈執行的過程。目前支援機器自動交易的平臺，外匯上流行的就是MetaQuotes公司的MT4平臺，在這個平臺中嵌入了一種MQL4語言，它提供了對伺服器端的資料訪問並可進行交易操作的介面，程式交易者可以根據自己的交易策略來編寫自己的自動交易系統，從而實現讓機器自動交易，既可以減輕人類的工作量，又可以克服人類交易中的一此性格弱點。智慧交易系統終將會逐步部分取代人類的手工操作。出版團隊繼市場反應熱烈的第一冊問世以來，除了收到不少讀者的好評之外，也多有詢問相關本系列第二冊的出版時程，當中我們也特別針對許多讀者曾經提到，並且也較為深入的議題在本書做說明，期待自動交易同好能隨著我們共同成長。最後，筆者衷心期盼本書簡明的邏輯概念與列舉的實戰特例，能成為未來讀者在成長過程中的一盞明燈。同時也很榮幸能開啟台灣在外匯自動交易領域中的濫觴，並也承諾將不斷為廣大同好者貢獻己力。', 7, 0, 0, 'http://cdn.kingstone.com.tw/book/images/product/20147/2014713287793/2014713287793b.jpg', NULL, NULL, NULL, NULL),
(4, 'book', '全支援中文的正規表示法精解(第二版)', 458, '《全支援中文的正規表示法精解(第二版)》\n\n好評再版，新增Microsoft Word中的正規表示法\n\n 本書針對作者在開發中遇到的實際問題，以及其他開發人員諮詢的問題，總結出一套使用規則運算式解題的辦法，並透過具體的例子指導讀者拆解、分析問題。 本書適合經常需要進行資料處理（比如網路分析或資料管理）的技術人員、熟悉常用開發語言的程式設計師，以及已經對規則運算式有一定瞭解的讀者閱讀。\n\n  \n\n 全書分為三大部分：\n\n  \n\n 第一部分主要講解規則運算式的基礎知識，涵蓋了常見規則運算式中的各種功能和結構；\n\n 第二部分主要講解關於規則運算式的更深入的知識，詳細探討了編碼問題、匹配原理、解題思路；\n\n 第三部分將之前介紹的各種知識落實到6種常用語言.NET、Java、JavaScript、PHP、Python、Ruby中，不但詳細介紹了語言中規則運算式的用法，更點明了版本之間的細微差異，既可以作為專門學習的教材，也可以作為有用的參考手冊。', 12, 0, 0, 'http://cdn.kingstone.com.tw/book/images/product/20131/2013120370258/2013120370258b.jpg', NULL, NULL, NULL, NULL),
(5, 'book', 'R語言：數學計算、統計模型與金融大數據分析', 387, '《R語言：數學計算、統計模型與金融大數據分析》\n\n	R語言是免費開放原始碼軟體，具備大型的資料吞吐量與多樣的工具套件包等許多的優異特點，在金融應用、統計分析、矩陣處理、圖表繪製等方面都擁有十分便捷的函數與工具，操作方式十分類似MATLAB語言，已經成為大數據處理的常用工具之一，並與常見的C語言、Java、Python等並列為常用的程式語言。\n\n	而本書的內容流暢易讀，提供資料的輸入與輸出等一般性的使用、函數計算與圖表繪製的介紹，並從三個熱門領域：金融實務分析應用、統計模型、數學計算等介紹實用的案例以及處理分析工作的方式，讓你在最短時間內有效率掌握應用R語言，解決實際問題。\n\n	若你是初學者，本書可奠定你的基礎，快速學會R語言，若你已具備基礎程度，則本書也能擴展你的視野、提升專業資料分析能力。\n\n本書主要內容：\n	．步驟式教學使用R語言\n	．R語言的基本語法\n	．資料的輸入與輸出\n	．統計資料的繪圖\n	．統計模型建構與分析\n	．數值分析與矩陣計算\n	．金融工具的分析與取用\n	．金融大數據的探勘\n	．應用常見的MATLAB函數', 0, 0, 0, 'http://cdn.kingstone.com.tw/book/images/product/20131/2013120373174/2013120373174b.jpg', NULL, NULL, NULL, NULL),
(6, 'book', '學Hadoop永遠都不遲：從MapReduce到YARN的演化', 379, '《學Hadoop永遠都不遲：從MapReduce到YARN的演化》\n\n	Hadoop是一種分散式資料和計算的框架，在巨量資料處理中應用非常廣泛。MapReduce是一種程式設計模型，Hadoop正是以MapReduce作為核心程式設計模型的。\n\n	本書深入淺出、有系統地透過非技術性的表達方式和詳細的原始程式分析，介紹MapReduce 2.0的理論系統、架構和程式設計方法。幫助讀者掌握MapReduce 2.0基礎和特性的基礎上，培養實際程式設計和解決巨量資料處理問題的能力。\n\n	強調理論聯繫實際，注重MapReduce程式設計解決現實問題的應用，提供大量程式設計實戰例題供讀者參考。', 5, 0, 0, 'http://cdn.kingstone.com.tw/book/images/product/20131/2013120374126/2013120374126b.jpg', NULL, NULL, NULL, NULL),
(7, 'book', '培養與鍛鍊程式設計的邏輯腦：程式設計大賽的解題策略基礎入門(第二版)', 221, '《培養與鍛鍊程式設計的邏輯腦：程式設計大賽的解題策略基礎入門(第二版)》\n\n◎作者為「演算法筆記」版主\n◎精選10個易上手的演算法設計技巧\n◎內容淺顯易懂，快速學習各種解題技巧\n◎透過實際範例與圖示講解，準確掌握抽象概念\n◎只需具備基礎的程式設計概念，就能輕鬆上手\n\n打造出程式設計師的邏輯大腦\n\n	本書可作為CPE大學程式能力檢定最佳參考入門用書。內容共整理了10個基礎的演算法設計技巧，以10個章節分別介紹。每個章節藉由大量的實際範例，讓您直接體會這些技巧的運用方式。這些技巧不單只用來設計演算法，也能當作解決問題的基本原則。而各章節末皆有一連串精心設計的習題，建議您細細品味，嘗試手腦並用解決這些習題，相信有意想不到的收穫。\n\n	本書能提供您更多元的思考方式，並提升自我的程式設計概念與邏輯思考的功力。內容拋開複雜的數學理論，以簡易的範例進行說明，您可以輕鬆讀完本書，並了解各種演算法背後的基本道理，之後面對新的問題時，即能無往不利。\n\n	【延伸閱讀】\n\n	近年來，國內大學資訊相關科系，為了確保學生具備程式設計的能力，聯合推出了CPE大學程式能力檢定，不少學校將之視為畢業必須達到的門檻，同時也被許多研究所當作是推甄的評分標準之一。\n\n	CPE的考試內容，除了要求基本的程式設計能力之外，尚還包含了資料結構與演算法。說穿了，就是要求學生必須培養邏輯能力。\n\n	博碩文化早先之前出版的《培養與鍛鍊程式設計的邏輯腦：世界級程式設計大賽的知識、心得與解題分享》一書，收集了眾多國外常見的考題與作者用心想出的解法，並意外成為CPE的最佳參考書籍。\n\n	而對於剛學會程式設計，未接受過扎實演算法訓練的學生來說，直接看CPE考題，有時會難以記憶解法，追根究柢是因為對於演算法所採用的方法不理解的緣故。因此，我們規劃了這本書，針對演算法的部分，分門別類、由淺入深地進行介紹，相信這本書，可以幫助眾多想要考好CPE的學生。\n\n	這本書與早先出版的另一本邏輯腦書籍在定位上有所不同，本書著重在「培養」，而另一本書則是著重在「鍛鍊」。這兩本書提供了學生對應CPE檢定的完整學習路徑，尤其CPE的題庫超過千題，想要完全靠死記來應付，實在有所困難，而透過本書的學習，相信能讓讀者在遇到陌生考題時，併發出更多解題思緒的靈感。', 2, 0, 0, 'http://cdn.kingstone.com.tw/book/images/product/20147/2014713481313/2014713481313b.jpg', NULL, NULL, NULL, NULL),
(8, 'book', '菲絲恩教你學會Python(第二版)', 253, '《菲絲恩教你學會Python(第二版)》\n\n一覺醒來，普羅變成了精靈……\n\n\n	睜開眼，柔和的光線流入視野；普羅用手撐起身子，環顧四周，眼前的一切都與自己所熟悉的環境大不相同，陌生卻又美妙的感覺盈滿了他的周遭。\n\n	「你醒啦？ 」順著聲音的來源轉過頭去，一隻美麗的精靈正投注著關心的眼神。\n\n	「其實Python世界即將舉辦年度的世界大賽，每個Python世界的居民都可以自由參加。這不僅是Python 界的盛事，更是其他世界得以踏入Python幻境的唯一機會。因為我看你很有慧根，是個百年難得一見的奇才，所以選中你進入Python世界來參加這個大賽。」\n\n	隨著美麗的精靈菲絲恩的帶領下，普羅走入奇幻的精靈世界，參與Python世界魔法大賽……\n\n	本書使用故事的筆法，讓初次接觸程式語言或對Python有興趣之初學者可以輕易迅速的掌握Python的觀念及使用技巧。─鄭伯壎 教授', 12, 0, 0, 'http://cdn.kingstone.com.tw/book/images/product/20131/2013120377592/2013120377592b.jpg', NULL, NULL, NULL, NULL),
(9, 'book', '索羅斯都要用的MetaTrader首戰篇-程式員賺錢出頭天!', 356, '《索羅斯都要用的MetaTrader首戰篇-程式員賺錢出頭天!》\r\n                                世界金融危機爆發，給全球經濟帶來了巨大的負面影響。美國現行的所有政策，正在不可避免地把全球帶入下一輪惡性通脹。由於許多國家都長期持有大量美元作為儲備貨幣，要應付金融危機，美國惟一的辦法是大印美鈔，相當於稀釋所有美元持有者的財富，充當美國經濟復甦的鋪路石。我們觀察2008以來的走勢不難看出，黃金行情一路上揚從850美元漲到了現在的1500美元，USDJPY從110日元跌倒現在80日元，美元兌人民幣匯率也從7.5元跌倒6.45元。與股票、期貨不同，外匯是一個24小時不停歇的國際市場，交投十分活躍，交易量十分巨大，一天有4萬億美元的成交量。這樣幾個特點不難看出外匯市場幾乎不可能被某個財團操縱，受某個國家經濟政策的影響也非常小，我們聽說過某某基金組織操縱了股市，甚至操縱了某地區的金融市場，還帶來了金融風暴嚴重夠過，但我們絕對沒聽說過某財團組織操縱外匯市場的傳聞，由此，我們得出了一個結論：外匯行情最適合用技術分析手段來把握。二十四小時盯盤，不停地做行情分析，頻繁地進行交易，你是個鐵人都會有倒下的時候，要知道炒外匯不是我們生活的全部，我們有權利去享受炒外匯以外的更多的生活樂趣，精通智慧交易系統程式編寫，善於使用智慧交易系統程式，就能為你爭取到更多的時間和精力。此書整理了一些針對MT4平臺的豐富圖文教程，不要被外界的傳聞嚇到自己，更不要自己勸退了自己，因為你來學習這門技術的目的是為了能更好的享受生活！因此，我們能很肯定的說，當你一輩子只需寫出三隻完美程式，就別再錯過你與本書的第一次邂逅。', 9, 0, 0, 'http://cdn.kingstone.com.tw/book/images/product/20147/2014713287533/2014713287533b.jpg', NULL, NULL, NULL, NULL),
(10, 'book', '打下好基礎：程式設計與演算法競賽入門經典', 395, '《打下好基礎：程式設計與演算法競賽入門經典》\r\n                                想要為程式設計的功力打下好的基礎，並能在各種程式競賽中脫潁而出，一定要先熟悉程式的語法，並在演算法的思維和分析解決問題下功夫，如此才能解決現實世界中的各種問題，並將它轉化為電腦中的程式語法，進而利用電腦運算出解決的方案。本書就是一本結合了程式設計基礎、演算法與國際程式競賽解題分析和經驗分享的參考書籍，書中有數百題實例，淡化理論，注重學習方法和實作技巧，並分享解題經驗，對於想要學習或提升程式設計能力，並想參加像IOI國際奧林匹克資訊競賽，ACM/ICPC國際大專程式設計競賽，這本書是很好的入門和進階參考。本書作者曾參加ACM/ICPC國際大專程式設計競賽，在亞洲賽區獲得冠軍，並在世界總決賽中獲得銀牌。作者也曾擔任ACM/ICPC亞洲賽區的命題總監和裁判，並在北京、上海、吉隆波等多地著名高中教授講課，對於程式設計與國際競賽有相當豐富的經驗。作者將其豐富的知識和經驗編寫成書，全書共12章，內容包括程式設計基礎概念和重點、迴圈結構程式設計、陣列和字串、函數和遞迴、C++與STL入門、資料結構基礎、暴力求解法、高效演算法設計、動態規劃初步、數學概念與方法、圖論模型與演算法、競賽的高階專題等，包含了演算法程式競賽入門到進階所需的主要知識，書中的程式碼規範、簡潔、易懂，不僅能解說演算法的原理，還能教會讀者很多實用的程式設計技巧，另外書中包含的各種開發、測試和除錯技巧也是在傳統的語言、演算法類型的書籍中難以見到的，是一本學習演算法、邏輯思考及程式設計技巧的好用參考書。', 8, 0, 0, 'http://cdn.kingstone.com.tw/book/images/product/20147/2014713435156/2014713435156b.jpg', NULL, NULL, NULL, NULL),
(11, 'book', 'Scratch 數位互動我最行', 300, '《Scratch 數位互動我最行》\n\nScratch 結合實體互動開發板！\n\n	由美國麻省理工學院媒體所開發的 Scratch圖形化介面，由於其簡單易學且方便除錯，加上直覺化的程式模組設計，因此非常適合沒有程式設計背景的使用者或是小朋友使用。\n\n	本書囊括了十多個有趣的互動專題，包含煙火秀、對戰遊戲以及多媒體影音應用等，小朋友可以從中學到重要的程式邏輯概念，非常適合各級教學單位使用。\n\n	本書結合了互動開發板，以按鈕、滑桿、麥克風、與鱷魚夾接點來讓互動方式更豐富，學員可以自行操作這片板子來控制Scratch來產生各種有趣的互動效果。快點來玩吧！\n\n	 \n\n	範例程式檔與本書更多資訊，請上CAVEDU系列叢書網站：http://www.cavedu.com/books。\n\n	 \n\n本書特色\n\n	 \n\n	◎Scratch 圖形化介面，學習簡單又有趣！\n\n	◎結合周邊感測板，可製作許多新奇的互動遊戲。\n\n	◎從程式學邏輯，從動手做來認識這個世界！\n\n	◎全彩內頁，豐富您的學習視覺，增添學習趣味！', 3, 0, 0, 'http://cdn.kingstone.com.tw/book/images/product/20131/2013120343573/2013120343573b.jpg', NULL, NULL, NULL, NULL),
(12, 'book', '啊哈！圖解演算法必學基礎', 277, '《啊哈！圖解演算法必學基礎》\n\n啊哈！\n	一本可以開開心心閱讀的圖解演算法參考書！\n	一本可以快快樂樂看懂的圖解演算法自學書！\n\n\n	現在開始，自學演算法變得容易輕鬆！\n\n	這是一本充滿智慧和趣味的演算法入門書。沒有枯燥的描述，沒有難懂的公式，一切以實際應用為出發點，透過幽默的說明與講解，並搭配可愛插圖和易懂的圖 解來介紹演算法。就像是在閱讀一個個輕鬆的小故事或是在玩一把趣味解謎遊戲，在輕鬆愉悅中便掌握演算法精髓，感受演算法之美。\n\n	本書介紹了基礎必學的資料結構和演算法，其中資料結構有堆疊、佇列、鏈結串列、樹、並查集、堆積和圖等；介紹的演算法有排序、列舉、深度和廣度優先搜 尋、圖的走訪，當然還有圖論中不可以缺少的四種最短路徑演算法、兩種最小生成樹演算法、割點與割邊演算法、二分圖的最大匹配演算法等，閱讀及理解完本書後 即可掌握程式設計的根基。', 13, 0, 0, 'http://cdn.kingstone.com.tw/book/images/product/20147/2014713442987/2014713442987b.jpg', NULL, NULL, NULL, NULL),
(13, 'book', 'Swift 程式設計入門', 356, '《Swift 程式設計入門》\n\n本書以Swift 1.1、Xcode 6.2和iOS 8 SDK為主，以各種簡單有趣的實例帶領讀者由淺入深認識Swift。從初期基本概念的介紹，中期物件導向的研究，一直到後期進階功能的鑽研。並且在本書的最後還提供了Swift標準函式庫的介紹，以及熱騰騰新鮮出爐，Swift 1.2版和Xcode 6.3的第一手介紹。\n\n	     \n\n	倘若早已熟悉Objective-C，那麼變心投入新歡Swift的懷抱就像呼吸一樣簡單。一樣的SDK，輔以本書適時補充的差異比較，幫助讀者快速從經濟艙Objective-C升等到商務艙Swift。倘若沒受過火星文般Objective-C的摧殘，現在更是勇敢踏出第一步，學習平易近人Swift的最佳時機。期待大家都能搶得先機，像Swift代表的小燕子一樣展翅高飛，成為目前地球稀有的Swift App專家！\n\n	 \n\n本書特色\n\n	 \n\n	搶鮮~熱騰騰新鮮出爐的Swift 1.2版和Xcode 6.3的第一手介紹\n\n	 \n\n	讓我們一起追隨彼得潘的腳步看看新版的Swift 和Xcode 多了哪些好用的功能，以及Swift與Objective –C的差異處\n\n	 \n\n	Swift 1.1版和Xcode 6.2的詳盡介紹\n\n	Swift 1.2版和Xcode 6.3的第一手介紹\n\n	Swift標準函式庫介紹\n\n	Swift和Objective-C的比較', 5, 0, 0, 'http://cdn.kingstone.com.tw/book/images/product/20131/2013120331372/2013120331372b.jpg', NULL, NULL, NULL, NULL),
(14, 'book', 'Matlab 程式設計(第2版)', 598, '《Matlab 程式設計(第2版)》\r\n                                不管是在學學生或是工程師，都需要運用到數學運算。Matlab 的出現，讓許多人不用再憑空想像數學式的物理意義，也解決了實現各種工程模組時所遭遇的問題，使得 Matlab 成為許多領域的工程師首要的工具。本書著重在各種學科都可適用的基礎內容，另外也加入了許多常用的功能，例如符號運算、GUI 介面、Simulink 與影像處理等。 本書是專為初學者設計，以最容易入門的方式介紹 Matlab 語法，佐以大量活用實例，就算沒有程式設計經驗的讀者，也能藉由本書完成各種 Matlab 應用。　 本書特色● 專為 Matlab 初學者所設計● 徹底熟悉 Matlab 指令、語法與程式設計● 以大量的實例幫助讀者活用 Matlab 指令● 獨立介紹符號運算、GUI、Simulink 與數位影像處理四大主題', 12, 0, 0, 'http://cdn.kingstone.com.tw/book/images/product/20131/2013120259621/2013120259621b.jpg', NULL, NULL, NULL, NULL),
(15, 'book', '大數據的下一步：用Spark玩轉活用', 379, '《大數據的下一步：用Spark玩轉活用》\n\n	隨著大數據時代的到來，企業資料每天都在急劇快速膨脹，如何發掘這些資料的價值，需要一種高效而穩定的分散式運算框架和模型。Spark恰逢其時，應運而生。本書對Spark進行詳細的闡述，包括核心模組和各個子系統，能讓Spark初學者快速瞭解和上手，是學習Spark的敲門磚，希望此書能讓更多的讀者去深入發掘Spark之美。\n	 \n\n－淘寶技術部資料採擷與計算團隊負責人 黃明(明風)\n\n\n	Apache Spark由於其基於記憶體的高性能計算模式以及豐富靈活的程式設計介面，得到廣泛的支援和應用，大有逐漸取代Hadoop MapReduce成為新一代大數據計算引擎的趨勢。本書從原始程式碼角度深入淺出地分析了Apache Spark及相關大數據技術的設計及實現，包含很多實戰經驗和使用心得。相信本書對於進行大數據、記憶體計算及分散式系統研究，Apache Spark的深入理解以及實際應用，都有很好的參考價值。\n	 \n\n－英特爾亞太研發有限公司技術總監 段建剛', 10, 0, 0, 'http://cdn.kingstone.com.tw/book/images/product/20131/2013120374096/2013120374096b.jpg', NULL, NULL, NULL, NULL),
(16, 'book', 'R 語言資料分析活用範例詳解', 411, '《R 語言資料分析活用範例詳解》\r\n                                『該書深入淺出、通俗易懂、案例詳實，從資料分析角度講解R在實際資料分析中的使用，是難得的一本R和資料分析入門的好書。』 - 謝邦昌，教授，臺灣輔仁大學統計資訊系 『該書的每一章以實際問題啟發的方式引出統計方法，再介紹資料分析和R軟體的使用，輔以詳細、恰當的案例，這樣讓枯燥乏味的資料分析和軟體課程變得生動活潑，這是一本很好的資料分析入門教材，值得推薦。』 - 馬雙鴿，副教授，美國耶魯大學生物統計系 『方老師在R領域著墨多年，今將多年的教學及研究成果整理成冊，對讀者而言乃是一大福音。本書淺顯易懂，理論與實務兼具，是非常實用的書籍！』 - 李禦璽，教授、系主任，臺灣銘傳大學電腦工程學系 『我很喜歡這本書的編寫體例，從問題出發，然後介紹方法和R語言的實現，非常適合需要用R來解決實際分析問題的讀者。』 - 李艦，Mango Solutions，中國區資料總監 隨著Big Data的分析應用逐漸受重視，而R語言又是一套免費的開放原始碼工具，在資料分析、統計運算和繪圖上能有效運用，強大的功能和眾多的套件使其廣受好評，是許多統計學家、科學家和工程師們很喜歡使用的工具。 本書是一本R語言和資料分析的入門教材，書中有非常多的實際案例，並以案例問題為導向，詳解其中統計方法和R語言的指令應用與編寫程式的技巧，本書共有18個章節，內容包含R的入門概念、資料結構、函數與優化、抽樣模擬、統計分析、假設檢定、迴歸分析、統計繪圖和R套件的自製方法等。 本書定位給想要學習R語言和資料分析的商業經營管理人員、醫學系學生或研究人員，書中的實例和指令程式編寫方法對其實際應用上提供很好的參考。', 13, 0, 0, 'http://cdn.kingstone.com.tw/book/images/product/20147/2014713473820/2014713473820b.jpg', NULL, NULL, NULL, NULL),
(17, 'book', 'OpenCV程式設計參考手冊', 490, '《OpenCV程式設計參考手冊》\n\n 本書以詳細解釋的程式碼為主線，以新版OpenCV最核心的core、HighGUI、improc和feature2d這4個元件的相關函數、類別和資料結構為出發點，詳細講解了學習新版本OpenCV中會遇到的各種問題，並提供了詳盡的實戰程式碼作為參考。\n\n  \n\n本書特色\n  \n\n站在浪潮的前端，零距離接觸最新的電腦視覺程式設計技術\n ■全面涵蓋OpenCV 2、OpenCV 3雙版本的核心程式設計技巧\n ■提供書中核心函數清單方便讀者快速檢索查閱相關內容\n ■程式碼提供詳細且有條理的註釋\n ■光碟提供OpenCV 2和OpenCV 3雙版本的範例程式碼', 13, 0, 0, 'http://cdn.kingstone.com.tw/book/images/product/20131/2013120342651/2013120342651b.jpg', NULL, NULL, NULL, NULL),
(18, 'book', '樂高EV3機器人自造實戰|從原理、組裝、程式到控制全攻略', 332, '《樂高EV3機器人自造實戰|從原理、組裝、程式到控制全攻略》\r\n                                【專業推薦】台灣青少年機器人協會/蕭盈璋理事長 啟發想像力與創造力！ 打造專屬樂高科技，創意學習，隨心所欲！ 1. 透過「引導組裝」了解機構原理，親自動手建構機器人。 2. 透過「拼圖程式」訓練邏輯思考，學習問題解決能力。 3. 透過「主題實例」控制機器人，體會互動應用的樂趣。 書中從認識樂高機器人與套件開始，輔以實例快速了解動力機械原理，接著進入控制開發，然後切入樂高機器人的各式主題，內容涵蓋：基本車、碰碰車、太陽能、蟑螂車、聲控車、軌跡車、走迷宮機器人(超音波感測器)、單馬達驅動機器人、遙控履帶型坦克車、遙控樂高賽車、雙馬達打陀螺機等實例。從基礎到進階，協助玩家啟動想像力與創造力建構機器人，以及進行互動控制。 書附光碟：範例檔/作品展示影片', 13, 0, 0, 'http://cdn.kingstone.com.tw/book/images/product/20147/2014713458636/2014713458636b.jpg', NULL, NULL, NULL, NULL),
(19, 'book', '精通 Python|運用簡單的套件進行現代運算', 616, '《精通 Python|運用簡單的套件進行現代運算》\r\n                                “本書是 Bill Lubanovic 的傑作，先為你紮下深厚的程式設計基礎，再教你使用大量 Python 工具箱處理現實生活中的問題，本書絕對適合學習如何運用 Python 來解決問題。” —Loïc Pefferkorn, 開放碼源系統工程師《精通 Python》是一本容易理解也很有趣的書，非常適合程式設計初學者以及剛要開始學習這個語言的讀者。作者 Bill Lubanovic 會引領你從基礎開始，循序進階到較複雜且多樣的主題，並在教學過程中，融入食譜式的程式說明 Python 3 概念。最後透過每章結束的練習題來驗證所學到的技巧。 你將會紮下這個語言的深厚基礎，包括測試、除錯、程式重複使用的最佳做法以及其他開發技巧。本書也會告訴你如何藉由各種 Python 工具與開放原始碼套件，於商業、科學及藝術領域應用程式中使用 Python。 ‧學習簡單的資料類型以及基本的數學與文字操作 ‧以 Python 的內建資料結構處理資料 ‧探索 Python 程式碼結構，包括函式的使用 ‧用 Python 編寫大型程式，並使用模組與套件 ‧深入討論物件、類別與其他物件導向功能 ‧檢視一般檔案、關聯式資料庫與 NoSQL 的儲存機制 ‧使用 Python 建構網站用戶端、伺服器、API與服務 ‧管理系統工作，例如程式、程序與執行緒 ‧瞭解並行處理與網路程式設計的基礎', 10, 0, 0, 'http://cdn.kingstone.com.tw/book/images/product/20147/2014713468673/2014713468673b.jpg', NULL, NULL, NULL, NULL),
(20, 'book', 'Scratch 2.0動畫遊戲與創意設計主題必修課(第二版)(附318分鐘影音教學)', 277, '《Scratch 2.0動畫遊戲與創意設計主題必修課(第二版)(附318分鐘影音教學)》\n附DVD一片【國立臺灣師範大學 張國恩校長 專文推薦】 輕鬆激發邏輯思考力、創造力及想像力！ Scratch是美國麻省理工學院(MIT)所開發的程式語言，易於創造互動遊戲、動畫與故事，並能訓練程式邏輯。是一款免費的自由軟體，被世界各國翻譯成60多種語言，且能跨多款作業系統，如Windows、Mac或Linux…等。 本書運用Scratch做為動畫遊戲與程式邏輯訓練的工具，以情境範例切入，從著手堆疊Scratch程式積木開始訓練邏輯，並運用創意完成16個動畫遊戲與創意設計作品，同時應用Scratch2.0最新的視訊影像偵測、聲音偵測、時間偵測、距離偵測、行動載具與雲端功能，輕鬆激發思考能力、創造力及想像力。另外，DVD中也特別蒐錄Scratch跟實體樂高積木（LEGO WeDo），以及感應板（PicoBoard）的應用介紹。 ‧主題式邏輯訓練：每單元以一個訓練領域為主題範例，充滿知識性與挑戰性。 ‧對話式內容鋪陳：將抽象難懂的設計流程以簡單圖文對話流程進行解說。 ‧情境式生活範例：結合各個學習領域，從生活情境的架構中規劃專題。 ‧概念式學習安排：在比較難懂的概念、容易混淆的地方進行特別說明。 ‧精進式延伸學習：將單元概念的知識延伸，以觸類旁通，加深學習觸角。 書附超值DVD內容： 318分鐘影音教學/範例與素材/指令積木功能對照表 Scratch與LEGO WeDo、PicoBoard應用說明PDF 我的創意規劃學習表/Scratch競賽模擬範例', 5, 0, 0, 'http://cdn.kingstone.com.tw/book/images/product/20147/2014713458926/2014713458926b.jpg', NULL, NULL, NULL, NULL),
(21, 'book', 'Visual C# 2015基礎必修課(適用VC#2015~2013，附範例光碟)', 451, '《Visual C# 2015基礎必修課(適用VC#2015~2013，附範例光碟)》\n\n體貼初學者的學習流程：範例說明->解題技巧->問題分析->程式設計\n\n	**專家與教師共同執筆**\n	由微軟MVP、微軟認證專家及科技大學教授程式設計教師共同編著，針對目前初學者學習程式設計所應具備的基本素養，編寫的入門教材。\n	**程式設計技能的養成**\n	本書內容兼具理論與實務，書中範例程式有別於市面程式設計入門書。特提供問題分析、解題技巧，循序漸進來訓練初學者具有邏輯思考和獨立解決問題的能力，讓初學者輕鬆進入視窗應用程式設計的殿堂。\n	**提供馬上練習和豐富範例**\n	範例貼近日常生活，讓初學者能學以致用。學習程式設計從修改程式開始是最佳途徑。對於每章具代表性的範例提供馬上練習，藉由修改範例，驗證初學者對範例的熟悉度。每章習題提供豐富的選擇題以加深觀念以及程式設計題目來訓練初學者的程式設計能力。\n	**專題製作並錄製教學影片**\n	提供拉霸、記憶大考驗遊戲程式以及進銷存資料庫程式設計等議題，以訓練初學者具有專題程式設計的能力。', 4, 0, 0, 'http://cdn.kingstone.com.tw/book/images/product/20147/2014713475664/2014713475664b.jpg', NULL, NULL, NULL, NULL),
(22, 'book', 'MATLAB程式設計入門篇(第四版)', 476, '《MATLAB程式設計入門篇(第四版)》\nMATLAB台灣總代理鈦思科技總經理 申強華 專文推薦：「張智星教授，以傑出華人的眼光，與多年來教學及實作的經驗，解析此全球性軟體最新潮流，循序漸進，期使讀者充分瞭解MATLAB程式設計的精要之處，從而發展獨立的設計能力。相信只要您仔細研讀、踏實演練，必如醍醐灌頂，一躍成為程式設計的佼佼者。」MATLAB擁有強大的數值計算、系統模擬與繪圖能力，已是全世界工程師共同的語言。 本書將帶您進入MATLAB神奇的計算與目視世界，使您在學業或工作上傲視群倫，一路領先！ ▪ 熱銷十餘年的MATLAB中文書，由曾經任職於美國MathWorks（MATLAB 總公司）的張智星教授親自撰寫，更能旁徵博引、引人入勝。 ▪ 本書完整的說明與充沛的網路支援，可使讀者能充份地掌握MATLAB的脈動，擁有解決工程問題的最佳利器。 ▪ 本書範例均適用 MATLAB 8.5版（R2015a）。針對MATLAB 8.5版，第20章「音訊讀寫、錄製與播放」內容有大幅翻修。 ▪ 最新的範例程式、課後習題，以及教學錄音檔，都可以由張教授的網頁下載http://mirlab.org/jang/matlab下載。', 14, 0, 0, 'http://cdn.kingstone.com.tw/book/images/product/20147/2014713486813/2014713486813b.jpg', NULL, NULL, NULL, NULL),
(23, 'book', '使用者故事對照|User Story Mapping', 458, '《使用者故事對照|User Story Mapping》\r\n                                發掘完整的故事，建造正確的產品『我所見過真正夠格，並能夠實際幫助產品團隊提升到符合公司所需層次的敏捷開發專家實在寥寥可數，Jeff Patton正是其中之一。』— Marty Cagan合夥人，Silicon Valley Product Group~良好的故事對話關係到人與為什麼，而不只是故事內容~ • 使用者故事不是需求的書面形式；利用文字與圖像，透過協同合作述說故事是建立共識的有效機制。• 使用者故事不是需求；而是為我們的組織、客戶、和使用者解決問題的相關討論，產生關於要建造什麼的共識。• 你的任務不是更迅速地建造更多軟體︰而是從你選擇建造的東西中得到最大化的成果與影響。使用者故事意在提供完全不同的機制，讓我們思考協同建立軟體時所面臨的挑戰—以及許多其他相關事宜。如果你們能夠有效率地協同合作，建立真正可以解決問題的產品，你們將征服世界，或至少在市場上佔有一席之地。當你閱讀這本書時，希望你回歸到使用者故事的基礎。跟其他人協同合作時，能述說關於使用者與客戶以及你們如何幫助他們的故事，希望你能利用繪圖並且建立大型的便利貼模型，期望你感受到整個團隊全心參與並且充滿創造性，當你正確運用使用者故事時，必定會有一番作為，而且，一切也會變得更有趣。~運用使用者故事的真正目標是達成共識~使用者故事對照(User Story Mapping)是軟體開發的神兵利器，一旦理解為何及如何使用它，就能夠得益於這項寶貴的工具。本書將針對這項經常被誤解的技術，提出真知灼見，並且仔細探討如何幫助你的團隊聚焦在使用者及其需求上，而不致於迷失在個別產品功能的莫名狂熱裡。 作者Jeff Patton告訴你，在專案開發過程中，變化萬千的故事地圖(story map)如何促使團隊進行良好的溝通與對話，並讓他們學會針對企圖打造什麼，以及為何打造，取得明確的共識。 ‧練習迅速掌握關鍵概念，為故事對照取得高階觀點 ‧理解使用者故事的實際運作，以及如何被落實到敏捷與精實專案(Agile and Lean project) ‧探討使用者故事的生命週期，從機會探索開始，一路深入產品發掘 ‧悉心準備你的使用者故事，全心關注它們被建造的過程，以及從被轉換成有效軟體的故事中學習', 3, 0, 0, 'http://cdn.kingstone.com.tw/book/images/product/20147/2014713489449/2014713489449b.jpg', NULL, NULL, NULL, NULL),
(24, 'book', '你所不知道的 JS|導讀，型別與文法', 411, '《你所不知道的 JS|導讀，型別與文法》\r\n                                「當你奮力去理解你的程式碼，就會創造出較好的作品，並能讓你更勝任工作。程式碼不再只是你的工作而已，它成為了你的技藝。這就是我喜愛《你所不知道的JS》的原因。」 —Jenn Lukas，前端顧問 「本書以非常清晰的方式，帶你一觀那些複製貼上動作和 JavaScript 工具集沒辦法教你，也可能永遠不會教你的核心 JavaScript 基礎知識。」 —David Walsh，Mozilla 資深 Web 開發人員 《你所不知道的 JS》系列包括： ■ 導讀，型別與文法 ■ 範疇與 Closures，this 與物件原型 ■ 非同步處理與效能 ■ ES6 與未來發展 ■ 導讀篇 學習 JavaScript 的部分功能很容易，但要完全學好它，或甚至只是學習到「充分」的程度，就難上許多了，無論你是該語言的新手，或是已使用它多年，皆是如此。藉由《你所不知道的 JS》系列書籍，你將會對 JavaScript 有較完整的理解，包括該語言較棘手、會讓許多有經驗的 JavaScript 程式設計師想要避開的那些部分。 《導讀篇》為程式設計經驗有限的你們提供了必要的背景知識。學習了程式設計的基本構建組塊，以及 JavaScript 的核心機制之後，你就準備好能夠進一步探索系列中講解更深入的書籍，邁向真正精通 JavaScript 之道。 在本篇中，你會： ■ 學到必要的程式設計構建組塊，包括運算子、型別、變數、條件式、迴圈以及函式 ■ 熟悉 JavaScript 的核心機制，例如值、函式 closures、this以及原型 ■ 對本系列中其他書籍有個概觀，並且知道為何理解 JavaScript 的「所有」部分是很重要的 ■ 型別與文法篇 不管你有多少的 JavaScript 使用經驗，很有可能你還是沒有完整地了解這個語言。作為《你所不知道的 JS》系列的一部分，這本簡明的指南會相當深入地探討 JavaScript 的型別，介紹型別強制轉型的問題、說明型別為何如此運作，並展示如何善用這些功能。 《型別與文法篇》會深入到此語言較為棘手的部分，也就是許多 JavaScript 程式設計師會單純避開或假設它們不存在的那些部分(像是型別)。裝備了這些知識後，你就能真正精通 JavaScript。 在本篇中，你會： ■ 熟悉 JavaScript 的七個型別：null、undefined、boolean、number、string、object 與 symbol ■ 理解 JavaScript 獨特的陣列、字串與數字之特質為何可能讓你感到愉快也可能使你困惑 ■ 學到原生功能如何提供包裹基本型別值的物件包裹器 ■ 深入了解強制轉型的爭議，並知道為何這個功能在許多情況下都是有用的 ■ 探索 JavaScript 語法中的各種細微之處，包括了述句、運算式與其它功能 本系列之補充資料(程式碼範例、練習等)可在此處下載：https://github.com/getify/You-Dont-Know-JS', 4, 0, 0, 'http://cdn.kingstone.com.tw/book/images/product/20147/2014713484079/2014713484079b.jpg', NULL, NULL, NULL, NULL),
(25, 'book', 'KODU遊戲程式設計', 435, '《KODU遊戲程式設計》\n\n	KODU是微軟發佈的一款針對9到14歲兒童開發的視覺化程式設計語言，現在已經升級到1.4版本，該程式設計語言一經推出受到了一致好評，甚至在澳大利亞已經有兒童早期教育機構採用了KODU作為其教學的輔助工具，這款軟體有很多豐富的過關等級讓孩子們在娛樂的同時對程式設計產生濃厚的興趣。KODU支援用滑鼠或鍵盤按鍵操作，內建了多款遊戲模式的範例，包括RPG冒險地圖以及若干經典遊戲，並支援即時偵錯。\n\n	本書共包含了十八個章節，由淺入深的為讀者介紹KODU的重要程式設計技巧，並且透過範例對其進行詳細的講解。其中內容包含基礎概念入門、構建場景、添加物件、角色移動、外觀控制及路徑、偵測與計分、運算與變數、對話與音效、視角變化、摔角比賽、過馬路、螢火蟲飛舞、賽跑遊戲、冰上曲棍球、勇闖迷宮、極速賽道、一路衝衝衝、棒球大賽等。相信經過課程的綜合演練，必定能讓讀者融會貫通KODU的應用程式開發技巧，還能輕鬆將設計理念融入今後的設計當中，創作出更為優秀的遊戲作品來！\n\n	◆ 入門、應用到專題實作全攻略！\n	◆ 快速邁向KODU的設計之路！\n	◆ 超強的KODU全面創意開發體驗！', 2, 0, 0, 'http://cdn.kingstone.com.tw/book/images/product/20131/2013120369429/2013120369429b.jpg', NULL, NULL, NULL, NULL),
(26, 'book', 'Effective Python 中文版 | 寫出良好 Python 程式的 59 個具體做法', 356, '《Effective Python 中文版 | 寫出良好 Python 程式的 59 個具體做法》\r\n                                「Slatkin 的《Effective Python》中每個主題都是自成一體的一堂課，包含對應該主題的程式碼，這讓你能夠隨意翻閱此書。其中的主題易於瀏覽，並可依讀者需要的順序來研讀。我會向 Python 的學員推薦《Effective Python》這本書，它以相當精簡的方式包含了非常廣泛的主題，為具有相當程度的 Python 程式設計師提供了主流的建議做法。」 —Brandon Rhodes，Dropbox 軟體工程師及 PyCon 2016-2017 主席 使用 Python 撰寫程式是很容易的事情，這也是此語言廣受歡迎的原因。然而，Python 獨特的力量、迷人之處及表達能力，可能會有點難以捉摸，另外也有一些隱藏的陷阱，讓你一不小心就遭殃了。 《Effective Python》將會協助你精通真正的「Pythonic」程式之道，讓你能夠駕馭 Python 的完整威能，撰寫出非常穩固且效能優越的程式碼。依循 Scott Meyers 暢銷書《Effective C++》所開創出的簡潔、情境取向風格，Brett Slatkin 為我們帶來了 59 個 Python 最佳實務做法、訣竅和捷徑，並以真實的程式碼範例闡明它們的原理。 汲取自於 Google 建置 Python 基礎設施的多年經驗，Slatkin 為我們揭露了 Python 少為人知的特點與慣用手法，它們強而有力地改善了程式碼的行為，提升了執行效能。你會學到完成關鍵任務的最佳方式，讓你寫出容易理解、維護並與時俱進的程式碼。 關鍵的特色包括： ■ 容易導入於開發過程的指導原則，適用 Python 3.x 及 2.x 開發的所有主要領域，附有詳盡的說明與範例 ■ 撰寫意圖明確、容易重複使用的函式並避免臭蟲的最佳實務做法 ■ 說明如何以類別和物件正確地表達程式的行為 ■ 指引如何以元類別(metaclasses)及動態屬性來避開常見的陷阱 ■ 達成共時(concurrency)與平行處理(parallelism)更有效率的做法 ■ 善用 Python 內建模組的優良技巧與慣用法 ■ 協作開發(collaborative development)的工具與最佳實務做法 ■ 除錯、測試及最佳化的解決方案，以增進程式的品質與效能', 10, 0, 0, 'http://cdn.kingstone.com.tw/book/images/product/20147/2014713467041/2014713467041b.jpg', NULL, NULL, NULL, NULL),
(27, 'book', 'R語言：邁向Big Data之路', 458, '《R語言：邁向Big Data之路》\n\n R的起源、現在與未來\n RStudio視窗完整解說\n R的資料結構完整解說\n R與其他軟體的交流\n 數據分析與統計繪圖\n R語言高階與低階繪圖\n 全書包含650個實例', 9, 0, 0, 'http://cdn.kingstone.com.tw/book/images/product/20131/2013120351226/2013120351226b.jpg', NULL, NULL, NULL, NULL),
(28, 'book', '演算法的樂趣|23個程式設計必學主題與應用實例', 379, '《演算法的樂趣|23個程式設計必學主題與應用實例》\r\n                                ‧一本書玩透演算法，盡享演算法的箇中趣味 ‧涵蓋常用演算法結構與應用 在日常生活中演算法的應用處處可見，只是我們都忽略了它們在背後運作及協助。對於想要讓程式設計的實作與應用更上層樓，理解與活用演算法是不可少的基本實力。 本書所展開的這一段演算法之旅，會看到各種建構演算法的基礎方法，如貪婪法、分治法、動態規劃法，等等，也可以透過許多範例看到如何應用這些演算法來解決實際問題。透過對「愛因斯坦的思考題」「三個水桶等分水」「妖怪與和尚過河問題」等趣味智力題的電腦求解演算法設計，可領會到演算法設計的三個關鍵問題，以及對這些問題的處理方法，為以後解決這樣的問題提供舉一反三的基礎。 另外，本書活用專題範例中也有生活中的常見曆法計算，從中可會學到霍納法則的使用和求解一元高次方程式的牛頓反覆運算法；音訊播放機上跳動的頻譜，背後是離散傅立葉變換演算法；著名的PCX影像檔格式使用的RLE壓縮演算法是如此簡單有效；RSA加密演算法的光環之下是樸實的歐幾里得演算法、蒙哥馬利演算法和米勒－拉賓演算法；華容道遊戲求解的簡單窮舉演算法中還蘊藏著對棋盤狀態的雜湊演算法；人工智慧的電腦棋類遊戲中，也用到許多演算法和數學模型……遺傳演算法神秘不可測，但是用遺傳演算法求解0-1背包問題只用了60多行程式碼，真的就是這麼簡單。書中還更多精彩的應用實例正等著你來一探究境。 本書共分23章，從理解演算法的基礎與設計思維開始，配合工作與生活中常見的演算法應用專題，以輕鬆圖文，詳實的原理說明，搭配實際活用的範例程式碼，讓讀者學習之後有「原來如此！」的體會，並享受學習演算法與邏輯思考的許多樂趣。', 1, 0, 0, 'http://cdn.kingstone.com.tw/book/images/product/20147/2014713470584/2014713470584b.jpg', NULL, NULL, NULL, NULL),
(29, 'book', '精通Python 3程式設計 第二版', 537, '《精通Python 3程式設計 第二版》\r\n                                全面介紹Python語言本書經全面改版，加入協同常式、除錯、測試、剖析、字串格式化等新內容章節Python 3是Python語言到目前為止最好的版本：相較以往的版本，它更強大、更方便、更具一致性以及表達性。現在，讓最重要的Python程式員Mark Summerfield為讀者示範，如何充分利用Python 3的功能與慣用法來編寫程式碼。《精通Python 3程式設計 第二版》匯集了當編寫任何程式、使用任何標準或第三方Python 3程式庫以及建立新的程式庫模組時，所需要掌握的所有知識。Summerfield憑藉他多年的Python經驗，與讀者分享他對Python 3開發環境的深刻見解，這是你在任何其他地方找不到的。本書中，首先介紹Python的「內在美」：要編寫出健全、高效能的 Python程式，所需具備的八個要件。有了這些基礎之後，接下來介紹新的主題，以便加強你的實務經驗，每次都是以一個概念與一些實例的方式進行。本書的內容包括■ 使用程序、物件導向以及函數編程風格來開發Python程式■ 建立自定義套件與模組■ 讀寫二元、文字與XML檔案，包括可選用的壓縮、隨機存取功能，以及文字與XML的剖析■ 利用高階的資料型態、群集、控制結構以及函式■ 將程式的工作量散佈到多個行程和執行緒■ SQL資料庫以及鍵–值式DBM檔案的編程■ 除錯技術—而且會使用測試驅動開發法（TDD），以避免程式一開始就出現錯誤■ 利用Python的正規運算式迷你語言以及模組■ 剖析技術，包括如何使用第三方的PyParsing 與 PLY模組■ 建構適用、有效的GUI應用程式■ 進階的編程技術，包括產生器、函式與類別修飾器、環境管理器、描述器、抽象基礎類別、超類別、協同常式，等等《精通Python 3程式設計 第二版》可同時做為學習指南和語言參考書。它會假定讀者事先具備一些編程的經驗，而且有大量的範例程式碼可供下載，所有的範例程式碼都已經使用Windows、Linux和Mac OS X上的Python 3測試過。Mark Summerfield，Qtrac公司的老闆，一個獨立的培訓師、顧問、技術編輯以及作家，他的專業為Python、C++、Qt以及PyQt。他的著作 包括《Rapid GUI Programming with Python and Qt: The Definitive Guide to PyQt Programming》（ddison-Wesley，2008）以及與Jasmin Blanchette合著的《C++ GUI Programming with Qt 4》（ddison-Wesley，2006）。身為Trolltech的文件經理，Mark曾創辦與編輯過Trolltech的技術雜誌《Qt Quarterly》。', 9, 0, 0, 'http://cdn.kingstone.com.tw/book/images/product/20147/2014713247605/2014713247605b.jpg', NULL, NULL, NULL, NULL),
(30, 'book', 'Raspberry Pi專案實作|語音時鐘x動作偵測x網路電台x循跡機器人', 300, '《Raspberry Pi專案實作|語音時鐘x動作偵測x網路電台x循跡機器人》\r\n                                小電腦也能完成大夢想 Raspberry Pi是套價格低廉（約1500塊新台幣）但高效能的電腦系統，大小不過就像信用卡一樣，可連接標準鍵盤、螢幕與滑鼠。本書將告訴您如何運用這台神奇的小機器來設計並開發您專屬的開發環境、製作超酷的專案，從專案設計與開發的過程中獲得自作的樂趣。本書將帶您一步步認識複雜的軟硬體概念，從設置圖形化桌面介面開始，最後完成一台循跡機器人。 誰適合閱讀本書 本書是為了業餘玩家、學術專案設計者以及對於程式語言與硬體設計較無經驗的開發者所寫的。如果您是電腦新手的話也別擔心，跟著書中的說明製作專案，就可以從中建立專業知識與能力。由於 Raspberry Pi 是台便宜的電腦，您不需要花太多錢，就能製作出各種有趣的專案。 本書精彩內容包括： ．建置樹莓派開發環境 ．製作會報時的語音時鐘 ．運用PiCam製作動作偵測系統 ．運用VLC製作網路電台 ．打造循跡前進機器人', 6, 0, 0, 'http://cdn.kingstone.com.tw/book/images/product/20147/2014713474742/2014713474742b.jpg', NULL, NULL, NULL, NULL),
(31, 'book', '科學運算：Python程式理論與應用', 679, '《科學運算：Python程式理論與應用》\n\n	當然你可以和從前一樣，學習PHP以及Visual Studio中其它的語言，日子一樣輕鬆愉快。但當工作的負擔越來越大，程式結構日益複雜，但對於程式的高效及輕量的需求越趨嚴格時，一個DNA良好的語言可以讓你省下不少精神。\n\n	Python是最優美的語言，也號稱Shell語言中的Scala，支援最豐富的資料型態以及最直覺又精簡的語法，更有大量的函數庫及協力廠商套件，在Facebook、Google等大型企業，Python早就是最多工程師使用的語言了。大數據時代來臨，Python更有Scikit、Numpy等package讓你無縫接軌，你終究還是要用Python，何不一開始就學？\n\n全書內容共分三篇：\n\n	●入門篇：包含Python的認識和安裝、開發工具簡介、Python基本語法、數據結構與演算法、多媒體編程、系統應用、圖像處理和GUI編程等內容。\n\n	●進階篇：包括用Python操作資料庫、進行Web開發、網路編程、科學計算等內容。\n\n	●案例篇：以3個案例展現Python在Windows系統優越化、大數據處理和遊戲開發方面的應用。\n\n本書特色\n\n	●以Python 3.x版本進行講解，並附上與2.x版本的相關說明，適合使用兩個版本的讀者參考應用。\n\n	●包含用Python使用資料庫、進行Web開發、網路編譯、科學計算等進階領域。\n\n	●以大量實例指導讀者逐步深入研究，並提供完整解釋，幫助讀者實際應用。\n\n	●附有大量的圖表和插圖，力求減少長篇的理論介紹和公式推導，以便讀者透過實例和資料學習同時也能了解理論基礎。\n\n	●提供三大案例，分別使用Python進行Window優質化，大數據處理和遊戲開發方面的應用。', 10, 0, 0, 'http://cdn.kingstone.com.tw/book/images/product/20131/2013120370128/2013120370128b.jpg', NULL, NULL, NULL, NULL),
(32, 'book', '程式設計邏輯訓練超簡單：Scratch初學特訓班(附近300分鐘專題影音教學/範例檔)', 277, '《程式設計邏輯訓練超簡單：Scratch初學特訓班(附近300分鐘專題影音教學/範例檔)》\r\n                                ★★★★★超重量級注目推薦!全新Scratch 2.0，全面啟動!!世界性學習風潮，不容錯過!Scratch能做到的，絕對超乎你的想像!無基礎者也能在圖形拖拉之間就完成創意專題作品!■巔覆想像，風靡無數設計家與師生的Scratch來了!由麻省理工學院媒體實驗室開發的免費圖形化程式設計軟體，非常適合作為學習程式設計、進行邏輯訓練或創造互動設計的入門工具，可輕易製作結合劇情、動畫、遊戲、影像、音樂等作品，具中文版，開發容易，新版更同時支援線上及離線環境，短短數年即形成世界性的學習風潮。■輕鬆紮好程式邏輯觀念，玩出多樣創意專題!程式太抽象，初學者通常難以理解。透過玩動畫、遊戲、互動設計來訓練邏輯、學習程式設計是最簡單自然的方式。Scratch可讓初學者輕易了解程式對於影像、聲音、文字、動作等的控制結果。無程式基礎者，也可藉由圖形拖拉，如同積木拼塊的方式，就能輕鬆完成想像中的成品。入門、應用到專題實作全攻略!快速邁向Scratch的設計之路!超強的Scratch全面創意開發體驗! 書籍特色：˙國內第一本具備廣度與深度的Scratch 2.0中文書，　初學Scratch或新舊版銜接學習全都沒問題。˙全面循序漸進分類介紹所有積木，運用實例解說，更提供整合演練。˙彙整常用設計技巧，解決學習者開發瓶頸。˙納入新版物件導向程式設計概念，整併全新積木開發特性。˙全新體感遊戲應用，創造開發新領域。˙結合Arduino，體驗最熱門的互動設計科技。˙13個不同取向的專題實作，增進實戰設計力。˙近300分鐘專題開發影音教學，快速提升學習力。書附超值光碟內容：近300分鐘專題影音教學/範例檔/練習檔', 13, 0, 0, 'http://cdn.kingstone.com.tw/book/images/product/20147/2014713413758/2014713413758b.jpg', NULL, NULL, NULL, NULL),
(33, 'book', '陪孩子學程式：Scratch遊戲設計好好玩', 263, '《陪孩子學程式：Scratch遊戲設計好好玩》\n\n	【學程式, 就從能引發孩子興趣的遊戲開始！】 \n\n\n\n	近來從報章雜誌、網路媒體, 不時可看到「程式設計將向下紮根到國中、國小」、「兒童程式設計教育是國家未來的競爭力」等消息, 如果您也擔心孩子落於人後, 陪孩子用 Scratch 製作各種趣味遊戲就是很好的出發點。\n\n\n\nScratch 具有全中文介面, 以小孩從小到大都很熟悉的組合積木就可以控制角色、製作出遊戲。市面上雖然已經有不少 Scratch 教學書, 但無論是在教學方法上、範例的設計上, 都不像是給孩子學習的書籍。本書精心設計各種能引發孩子興趣的遊戲, 範例導向結合數學、音樂、冒險、趣味射擊等層面, 幫助孩子從遊戲的製作中嘗試解決問題, 進行邏輯思考以及各種創意的發想。學程式不再是件嚴肅的事, 保證輕鬆又有趣。\n\n\n\n	還在成天擔心孩子沉迷於手機、平板上的各種遊戲 App 嗎？不如融入學習, 共同製作出以下好玩的遊戲吧！\n\n\n\n●騎士與魔法師的終極對決\n●音色隨你設計的貓貓電子琴\n●這題我會！熊貓老師的出題問答\n●兔媽媽過河緊急救援\n●章魚瘋狂大射擊\n●可愛小熊接雞蛋遊戲', 3, 0, 0, 'http://cdn.kingstone.com.tw/book/images/product/20131/2013120351776/2013120351776b.jpg', NULL, NULL, NULL, NULL),
(34, 'book', '程式設計輕鬆學-使用Scratch 2.X', 277, '《程式設計輕鬆學-使用Scratch 2.X》\n\n拖曳積木方塊就能學會，無須程式語言基礎\n\n\n	Scratch是以拖曳、組裝積木的方式撰寫程式，而積木的組裝本身就隱含了語法簡查的功能，因此不必擔心會有語法錯誤的問題。本書使用Scratch範例學習邏輯訓練，由Scratch範例中，了解各種程式結構及運算方式，再輔以完整遊戲專案實作，讓初學者也能融會貫通程式設計的架構。從簡單介紹Scratch的安裝及操作使用，快速進入最方便的程式設計開發平台。\n\n	本書介紹基本的Scratch角色動作，可套用在各種情境上，加強了解物件動作的設計流程。結合邏輯基礎+Scratch技巧，製作21種遊戲，從入門到進階高手，了解專案型程式設計的架構。Arduino的範例製作中，不用進入Java/C等程式語言，就可以完成最夯的互動遊戲。\n\n本書特色\n\n	●從Scratch的積木方塊，輕鬆搞懂程式邏輯訓練。    \n	●演算法結構X視覺化指令操作=完整程式邏輯訓練。\n	●經由遊戲創作來學習程式設計。\n	●與Arduino結合，製作互動式體感遊戲。\n\n附贈：全書範例檔、錄影教學檔DVD', 13, 0, 0, 'http://cdn.kingstone.com.tw/book/images/product/20131/2013120364639/2013120364639b.jpg', NULL, NULL, NULL, NULL),
(35, 'book', 'Make： AVR程式設計', 537, '《Make： AVR程式設計》\r\n                                學習為硬體裝置編寫軟體程式 如果您使用過Arduino進行專案製作，需要更快的速度對外部即時做出反應或是多工的能力，現在就是進入下一階段的時候了，本書帶領您學習運用Arduino硬體核心-AVR微控制器的所有功能。 這本書將充分利用Atmel AVR系列微控制器的全部功能，探索如何利用AVR內建的硬體周邊設備，解決你可能遭遇的專案設計問題。善用AVR提供的協助方案，使用C語言編寫程式以精準無誤的控制硬體。 AVR程式設計不僅是透過微控制器來編寫程式而已，這本以專案為導向的書籍同時會向您介紹如何建置與外部電路的介面。您將會運用在這裡所學到的，透過新的思維進行專題試驗！ 您將學習到微控制器的基礎常識，並繼續往中高階專案邁進： ‧運用AVR具備的引腳，以最快的速度即時對外部做出反應 ‧製作一個價格便宜的腳步偵測器 ‧製作電路來驅動直流馬達和步進馬達及其它負載 ‧在AVR非揮發性記憶體(non-volatile memory)中儲存語音樣本數據，讓您的專案能發出聲音 ‧學會使用SPI和I2C進行通訊 如果您有Arduino編程的經驗，並希望更深入了解AVR晶片，這本書會很適合您閱讀。', 11, 0, 0, 'http://cdn.kingstone.com.tw/book/images/product/20147/2014713486233/2014713486233b.jpg', NULL, NULL, NULL, NULL),
(36, 'book', '流暢的 Python|清晰、簡潔、有效的程式設計', 774, '《流暢的 Python|清晰、簡潔、有效的程式設計》\r\n                                “很榮幸可以擔任這本優秀書籍的技術校閱—它不但可以協助許多尚未完全掌握 Python 的程式員精通這個語言，也讓我學到很多東西！” —Alex Martelli Python Software Foundation 成員 “Fluent Python 是一座寶庫，對想要擴充知識領域的中階與進階 Python 程式員而言，這座寶庫充滿實用的程式設計技巧。” —Daniel 與 Audrey Roy Greenfeld Two Scoops of Django 作者 Python 的簡單，可讓你快速地具備生產力，不過通常這也代表你並未使用它所提供的每一種功能。藉由這本實作指南，你將會學到如何利用它最棒（或許也是最被忽略）的功能，來編寫有效、道地的 Python 程式。作者 Luciano Ramalho 將為你導覽 Python 的核心語言功能與程式庫，讓你知道如何同時編寫更精簡、更快速且更易讀的程式。 許多有經驗的程式員，都會試著將其他語言學來的模式套用在 Python 上，卻從未探索他們沒有經歷過的 Python 功能。透過這本書，這些 Python 程式員可以徹底學習如何精通 Python 3。 這本書涵蓋： ■ Python 資料模型：瞭解特殊方法是讓物件具備一致行為的關鍵 ■ 資料結構：充分使用內建的型態，並瞭解 Unicode 時代中，文字 vs. bytes 之間的關係 ■ 函式就是物件：見識 Python 函式是一級物件，並瞭解這個事實如何影響熱門的設計模式 ■ 物件導向的習慣用法：學習參考、可變性、介面、運算子多載與多重繼承，並建構類別 ■ 控制流程：藉由 concurrent.futures 與 asyncio 套件，來充分活用情境管理器、產生器、協同程序與並行 ■ 中繼編程：瞭解特性、屬性描述器、類別修飾器與中繼類別的工作原理', 13, 0, 0, 'http://cdn.kingstone.com.tw/book/images/product/20147/2014713481443/2014713481443b.jpg', NULL, NULL, NULL, NULL),
(37, 'book', 'Processing入門|互動式圖形實作介紹 第二版', 379, '《Processing入門|互動式圖形實作介紹 第二版》\r\n                                Processing 讓你輕輕鬆鬆就能學會程式設計，有了 Processing 這個簡單的程式語言，你可以繪圖、建立動畫以及互動式圖形。一般的程式設計課程通常從理論開始，但本書會讓你直接切入好玩又具創意的專案。本書非常適合想要學習程式設計基本概念的任何人，此外本書對圖形所做的簡介也有助於已具若干程式設計技能的人。 本書係由 Processing 的兩位創始者共同執筆，它會一步一步地帶領你通過學習的過程，協助你掌握關鍵的程式設計概念。歡迎你加入這個有成千上萬的愛好者、學生和專業人士參與的免費社群學習平台。 閱讀本書你將能夠： ≫ 馬上學會程式設計的基本概念：從變數到物件皆包含在內 ≫ 瞭解電腦圖學的基礎知識 ≫ 熟悉 Processing 軟體開發環境 ≫ 以容易上手的專案來建立互動式圖形 ≫ 應用資料視覺化(data visualization)技術 ≫ 使用 Arduino 介接電子元件與 Processing ≫ 為所創作的圖形添加聲音 本書內容涵蓋 Processing 3.0 而且採用全彩印刷！', 1, 0, 0, 'http://cdn.kingstone.com.tw/book/images/product/20147/2014713484529/2014713484529b.jpg', NULL, NULL, NULL, NULL),
(38, 'book', 'jQuery 實戰手冊 第三版', 493, '《jQuery 實戰手冊 第三版》\r\n                                "對於jQuery各部件間彼此的結合以及諸多重要觀念，做了非常好的示範。" －Dave Methvin, President jQuery Foundation（取自前言） "有關於jQuery程式庫最透徹、最具研究精神的文獻。" －John Resig, Creator of jQuery（取自前言） "現今的三個版本，是我唯一會持續推薦給客戶的jQuery書籍。" －Christopher Haupt　 Mobirobo Inc.由於jQuery的關係，人們不再記得那些拙劣的過去，當時程式設計人員要手動管理瀏覽器的不一致、CSS選擇器的支援與DOM的走訪，還有著使用原生JavaScript做動畫的沮喪經驗。優雅而直覺的jQuery程式庫，能漂亮地管理這些問題，而jQuery 3甚至還新增了更多特性，能讓web開發人員生活更平穩而且擁有豐富產能。 《jQuery 實戰手冊 第三版》是步調快速的jQuery指南，重點放在每個web開發專案幾乎都會遇到的任務上。在這本書中，你會學到走訪DOM、處理事件、執行動畫、撰寫jQuery plugin、執行Ajax請求，甚至是對程式碼進行單元測試的方式。它獨特的Lab頁面，銜接了實務程式碼的各個觀念。擴充後的第三版新增了一些章節，教導你與其他工具、框架互動，以及建立單頁面web應用程式的方式。 本書內容 ‧更新至jQuery 3 ‧DOM處理與事件處理 ‧動畫與特效 ‧單元測試與Promise的進階主題 ‧實用範例與lab 讀者只需要有初階的JavaScript程度。 Bear Bibeault是Secrets of the JavaScript Ninja、Ajax in Practice與 Prototype and Scriptaculous in Action的共同作者。 Yehuda Katz是jQuery早期貢獻者與Ember.js的共同創建者。 Aurelio De Rosa是全端web開發人員，而且是jQuery內容團隊的一員。 更多的資訊、範例程式碼下載，請造訪www.manning.com/jquery-in-action-third-edition', 2, 0, 0, 'http://cdn.kingstone.com.tw/book/images/product/20147/2014713485601/2014713485601b.jpg', NULL, NULL, NULL, NULL),
(39, 'book', '重構：改善既有程式的設計', 680, '《重構：改善既有程式的設計》\r\n                                本書特色當物件技術成為老生常談之後 — 尤其在 Java 編程語言之中，新的問題也在軟體開發社群中浮現了出來。缺乏經驗的開發人員完成了大量粗劣設計，獲得的程式不但缺乏效率，也難以維護和擴展。漸漸地，軟體系統專家發現，與這些沿襲下來的、品質不佳的程式共處，是多麼艱難。物件專家運用許多（而且日漸更多）技術來改善既有程式的結構完善性與性能，已有數年之久。但是這些被稱為「重構」（refactoring）的實踐技術，一直（只）流傳在專家領域內，因為沒有人願意將全部這些知識錄寫為所有開發人員可讀的形式。這種情況如今終於結束。在《Refactoring: Improving the Design of Existing Code》書中，知名的物件技術者 Martin Fowler 闖入新的領域，褪去那些名家實踐手法的神秘面紗，並展示軟體從業人員領悟這種新過程的重大意義。只要受過適度訓練，一位技巧嫻熟的系統程式員可以在拿到一個糟糕的設計之後，把它翻新為設計良好、穩健強固的程式碼。本書之中，Martin Fowler 告訴你重構機會通常可以在哪裡找到，以及如何將一個糟糕的設計重新修訂為一個良好的設計。每個重構步驟都十分簡 — 簡單到了似乎不值得去做的程度。重構涉及將欄位（field）從一個 class 搬移到另一個class，或將某些程式碼拉出來獨立為另一個函式（method），或甚至將某些程式碼上下移動於繼承體系（hierarchy）之中。這些個別步驟雖然可能十分基本，積累下來的影響卻能夠徹底改善設計。重構已經被證明可以阻止軟體的腐朽與衰敗。除了討論各式各樣的重構技術，作者還提供了一份詳細名錄（catalog），其中有超過 70個已被證明效果的重構手法，以饒富幫助的重點，教導你實施的時機，實施時的逐步指令。並各自攜帶一個例子，顯示重構的運轉。這些富有良好解說價值的實例都以 Java 寫就，其中的觀念適用於任何物件導向編程語言。Martin Fowler 是一位獨立諮詢顧問，他運用物件技術解決企業問題已經超過 10 年。他的顧問領域包括健康管理、金融貿易，以及法人財務。他的客戶包括 Chrysler, Citibank,UK National Health Service, Andersen Consulting, Netscape Communications。此外Fowler 也是objects、UML、patterns 技術的一位合格講師。他是《Analysis Patterns》和《UML Distilled》的作者。Kent Beck 是一位知名的程式員、測試員、重構員、作家、五弦琴專家。John Brant 和 Don Roberts 是《Refactoring Browser for Smalltalk》的作者，此書可從http://st-www.cs.uiuc.edu/~brant/RefactoringBrowser 獲得。他們兩人也是諮詢顧問，研究重構的實踐與理論有六年之久。William Opdyke 在伊利諾大學所做的 object-oriented frameworks（物件導向框架）博士研究，導出了重構領域的第一份重要出版品。他目前是 Lucent Technologies/Bell Laboratories 的一名卓越技術人員。', 10, 0, 0, 'http://cdn.kingstone.com.tw/book/images/product/20147/2014713072634/2014713072634b.jpg', NULL, NULL, NULL, NULL),
(40, 'book', '程式設計師的自我修養：連結、載入、程式庫', 458, '《程式設計師的自我修養：連結、載入、程式庫》\r\n                                本書主要介紹系統軟體的執行機制和原理：應用程式在Windows和Linux編譯、連結和執行所發生的各種事項，包括：如何保存程式碼指令、程式庫檔案如何與應用程式碼靜態連結、應用程式如何載入記憶體並開始執行、如何實作動態連結、C/C++執行期程式庫的工作原理，以及如何呼叫作業系統提供的系統服務。每個技術專題都配備了大量圖、表和程式碼實例，力求將複雜的機制以簡潔的形式表達出來。本書最後還提供了一個小巧且跨平臺的C/C++執行期程式庫MiniCRT，綜合展示了與執行期程式庫相關的各種技術。這是一本深入闡述連結、載入和程式庫等問題的優秀圖書，讀來讓人愉悅，你從中可以清晰地瞭解程序的前世今生，徹底理解敲入的程式碼如何變成程序在系統中執行。通讀本書不管對於開發還是troubleshooting都會很有幫助。建議每一位希望從事系統開發、或希望更實務地理解作業系統和編譯器、或不滿足於只寫程式碼的優秀程式員都該有這樣一本書。--鄒飛，趨勢科技（中國）研發中心 資深軟體工程師本書從大處著眼、小處著手，以通俗易懂的語言，深入淺出地對系統軟體的底層行程機制進行條分縷析，正合藥山禪師所謂"高高山頂立，深深海底行"。循著作者的思緒一路走來，有如醍醐灌頂，暢快淋漓。非常高興有預覽此書初稿的寶貴機會，我在瀏覽書稿和查核相關資料的過程中，學到了很多以前未知或知之不深的內容。--馮亮，阿里巴巴（中國）網路技術有限公司運維部 系統架構師', 3, 0, 0, 'http://cdn.kingstone.com.tw/book/images/product/20147/2014713197009/2014713197009b.jpg', NULL, NULL, NULL, NULL),
(41, 'book', '四大聖哲：蘇格拉底、佛陀、孔子、耶穌', 277, '《四大聖哲：蘇格拉底、佛陀、孔子、耶穌》\n《四大聖哲》所教給我的，比整部哲學史所教給我的更深刻。\n——傅佩榮\n在雅士培筆下，四大聖哲的修行過程、獨到見解、人格魅力、處世態度，無不栩栩如生、躍然紙上，散發令人難以抗拒的吸引力。\n本書作者雅士培為德國哲學家，一般視之為存在主義的代表之一，與海德格、馬塞爾、沙特等人齊名。雅士培深入研究歷史上各國各派的哲學家，最後選出四大聖哲：蘇格拉底、佛陀、孔子、耶穌，並專門寫一本小書介紹。在他筆下，四大聖哲的修行過程、獨到見解、人格魅力、處世態度，無不栩栩如生、躍然紙上，散發令人難以抗拒的吸引力。\n面對西方讀者，雅士培首先推崇西方哲學的奠基者蘇格拉底；接著介紹佛陀，褪去其宗教的神祕外衣，直探佛法對於生命的沉思；再是孔子，綜合西方漢學家的研究，以旁觀者清的角度，寫出了孔子的生命精神；最後是深刻影響西方文明進程的耶穌，西方經歷千年的宗派分歧，仍信仰同一位上帝，其中耶穌的角色至關重要，值得深入探究。\n雅士培相信，「人是一切奧祕中最偉大的。」他透過歷史學的批評研究法，將四位聖哲自歷史塵絮中漂洗出來，並把負載於他們身上過多的神話與傳說剔除，使他們的「人格」清晰呈現，彰顯出高貴的靈魂，以全面性的研究來透視四大聖哲於歷史長河中的真實定位與影響力，令人耳目一新。\n本書譯者傅佩榮教授曾說：「《四大聖哲》所教給我的，比整部哲學史所教給我的還要深刻。」傅教授前後歷時七年，方譯成此書，同時增加了二萬多字的「譯者注」，詳加介紹許多專有名詞與特定術語，其中有關「孔子」的部分，原作者因參考西方漢學家的研究，難免有少數誤解之處，傅教授也都在「譯者注」中加以辨明。\n透過傅佩榮教授精確易懂、深入淺出的優美譯筆，以及根據其學術專業所做的解讀與註釋，本書無疑鎔鑄了東西方二位哲學大家的學問精華，不僅是認識四大聖哲的最佳入門讀本，更是台灣出版哲學譯作中的經典之作。', 4, 0, 0, 'http://cdn.kingstone.com.tw/book/images/product/20110/2011090002032/2011090002032b.jpg', NULL, NULL, NULL, NULL),
(42, 'book', '思想史5：明清思想史', 379, '《思想史5：明清思想史》\n《思想史5：明清思想史專號》收錄5篇論著，其中4篇（王昌偉、劉勇、張藝曦、Ying\nZhang）探究自明至清的思想史轉變脈絡。Harry\nT.\nDickson的論著則聚焦於1815年以來兩百年間，英國思想界對於法國大革命的反思之變遷。\n本期論壇以《新青年》為主題，收錄金觀濤、王德威等4篇演說。', 1, 0, 0, 'http://cdn.kingstone.com.tw/book/images/product/20111/2011100011719/2011100011719b.jpg', NULL, NULL, NULL, NULL),
(43, 'book', '一切能作為學問而出現的未來形上學之序論', 270, '《一切能作為學問而出現的未來形上學之序論》\n《一切能作為學問而出現的未來形上學之序論》是康德於1783年出版的一本小書。他撰寫這本書的動機可以直接追溯到他於兩年前出版的大部頭著作《純粹理性批判》。他經過十多年的沉思與醞釀，在1781年初出版了《純粹理性批判》這部畫時代的鉅著。儘管康德花了極長時間來構思《純粹理性批判》，但他卻是在年歲日增的壓力下，於短短四、五個月內倉卒完稿。只是，這部著作篇幅太過龐大，所探討的問題又極為複雜，還使用了不少新的名詞與表述方式。但更重要的是，根據康德自己的說法，《純粹理性批判》是「一部離開了所有常走的道路、而走上一條我們無法立刻熟悉的新道路之著作」。可以說，他自己早已預見到《純粹理性批判》不容易為一般讀者所理解。而事實上，《純粹理性批判》出版不久後，康德也確實感到有必要另寫一部較為通俗的著作，來闡明《純粹理性批判》之要義。因此，本書可說是康德為了使外行人理解其《純粹理性批判》而特別撰寫的一本書。本書特色：◎康德是近代西方最偉大的哲學家之一，思想精深宏大，不容忽視。◎本書是理解康德鉅作《純粹理性批判》的一個摘要性讀本，也是探討西方形上學問題的一部奠基之作。◎精確可讀的康德著作中文譯本不易求得，本譯本是國家科學委員會「經典譯註計畫」之成果，也是當前中文世界最可靠的一部譯本。', 14, 0, 0, 'http://cdn.kingstone.com.tw/book/images/product/20116/2011600002354/2011600002354b.jpg', NULL, NULL, NULL, NULL),
(44, 'book', '你以為你以為的就是你以為的嗎？12道檢測思考清晰度的哲學闖關遊\r\n                          Do You Think What You Think', 205, '《你以為你以為的就是你以為的嗎？12道檢測思考清晰度的哲學闖關遊》Do\nYou\nThink\nWhat\nYou\nThink\n你以為你慈悲為懷，你以為你童叟無欺，你以為你頭腦清楚？嘿嘿，玩過這些哲學闖關遊戲再說吧！搞不好，你以為的根本就是一團混亂、充滿矛盾？暢銷書《自願被吃的豬》作者巴吉尼最新暢銷力作你有思路混亂所引發的腦神經短路嗎？你有沉迷幻想所引發的妄想官能症嗎？你有瞻前顧後所引發的龜毛症候群嗎？你經常以為，你以為的那些東西真的就是你以為的嗎？不確定？那麼，先來做個簡單的哲學健康檢查。不用怕，一點都不痛，還會有微微的快感呢！【檢查開始】1.\n如果能夠走路、騎腳踏車或搭乘火車，就不該開車。你同意嗎？2.\n為了個人吸食而持有毒品的行為應予除罪化。你同意嗎？3.\n米開朗基羅是歷史上數一數二的偉大藝術家。你同意嗎？4.\n客觀的道德標準並不存在，道德判斷只是代表個別文化的價值觀。你同意嗎？5.\n剝奪別人的生命是絕對錯誤的行為。你同意嗎？6.\n人類不該為了自己的需求，對環境造成不必要的損害。你同意嗎？7.\n只要不傷害別人，每個人都有權自由追求自己的目標。你同意嗎？8.\n對於藝術作品的評斷，純粹是個人品味的問題。你同意嗎？9.\n種族滅絕行為證明人類有可能做出極大的惡行。你同意嗎？10.\n第二次世界大戰是一場合乎正義的戰爭。你同意嗎？想知道檢查結果嗎？請看封底摺口的說明。【檢查結果】◎\n如果不同意1，卻同意6→秀逗！◎\n如果不同意2，卻同意7→秀逗！◎\n如果同意3，卻也同意8→秀逗！◎\n如果同意4，卻也同意9→秀逗！◎\n如果同意5，卻也同意10→秀逗！【解析】沒有秀逗：恭喜你，你的思考「看來」十分合乎邏輯，值得給你拍拍手。不過，這只是簡單的檢查，不代表你的思考「完全」沒有混亂，建議你買下這本書再做更詳細的檢查。你以為你以為的就是你以為的嗎？1~2個秀逗：還是恭喜你，你的思考一點都「不」異於常人，跟大多數人一樣充滿矛盾。但是，你一定心想：怎麼會？我怎麼會秀逗呢？不要緊張，建議你買下這本書，看看裡頭的說明，玩玩裡頭的遊戲，一定會讓你腦力大增——不僅「異於常人」，還能「勝於常人」！4~5個秀逗：嗯……還是要恭喜你，你的思考「真的」異於常人，真是混亂到家了。不相信？那就看看書裡的說明！我們不會建議你買下這本書，而是要發出嚴重的「警告」：再不趕緊買下這本書、不好好治療錯亂的思路，最後的結果將是，你以為的「真的」變成你以為的了——但是，其他人都不這麼以為！我們「實際上」在想些什麼，其實非常難以釐清。這些遊戲的目的是提供一條有趣的途徑，讓你了解自己究竟是用什麼樣的方式思考哪些事情，從而揭露一些出乎你意料之外的事實。玩過這些遊戲之後，你很可能會發現，自己過去以為自己擁有的想法，原來完全不是那麼一回事。這樣的結果也許讓人有點訝異、有點迷惑，但是也充滿了樂趣。——巴吉尼＆史坦葛倫', 7, 0, 0, 'http://cdn.kingstone.com.tw/book/images/product/20110/2011000020620/2011000020620b.jpg', NULL, NULL, NULL, NULL),
(45, 'book', '哲學家的工具箱：一本教你如何有效思考的技術手冊', 253, '《哲學家的工具箱：一本教你如何有效思考的技術手冊》\n哲學家似乎盡是怪胎，不是性情暴烈，就是性格乖戾；但不容否認的是，他們的思考方式就是有一套！想要具備哲學家精湛的思考技術，就趕快打開哲學家的工具箱，學習最刁鑽的工具，全面提升你的邏輯思考能力！「太陽下山明早一樣爬上來，花兒謝了明天還是一樣地開。」這種說法合乎邏輯嗎？\n素食者不吃豬肉香腸，甘地不吃豬肉香腸，所以甘地是素食者。這句話合乎邏輯嗎？許多人都喜歡到開過頭獎的樂透攤子購買樂透，因為這些攤子曾經開出大獎。這種做法合乎邏輯嗎？想要反駁對手的論證，最好的方法就是先假設對方是對的。這是什麼怪招？在當今這個競爭異常激烈的社會中，思路清晰、合乎邏輯，已經變成所有人莫敢不從的生活準則了。除了頭腦「真的」不清楚的人之外，任何人只要被批評為頭腦不清楚、說話沒邏輯，肯定都會跳腳。因此，「具有超強的邏輯思考能力」已成為許多人追求的目標。這時，著作暢銷的英國哲普作家和教學卓越的美國哲學教授，提著《哲學家的工具箱》前來了，他們是來幫助大家提升思考能力的。這套工具箱總共有六大箱，從最入門的「論證基本工具」開始，逐步提升到「論證進階工具」、「評估工具」、「概念區別工具」，讓你的思考能力從初級提升至中級。最後兩箱更是讓思考能力達到最高級的秘笈：「大師級的工具」讓你有機會具備大師級的思考能力；而「必須謹慎使用的工具」則是最上乘的心法，誤用了不僅沒效果，反而會引發更多問題。這本書可說是「思考技術檢修必備手冊」，不僅可以逐箱學習，還可以擺放在身邊：一旦思考短路，就能隨時挑選適當的工具，檢修自己的思路。送禮自用兩相宜，但是，請切記最合乎邏輯的一點：千萬不要送給自己的敵人！', 11, 0, 0, 'http://cdn.kingstone.com.tw/book/images/product/20110/2011010028524/2011010028524b.jpg', NULL, NULL, NULL, NULL),
(46, 'book', '個體論：一本描述性形上學的論文\r\n                          Individuals: An Essay in Descriptive Metaphysics', 356, '《個體論：一本描述性形上學的論文》Individuals:\nAn\nEssay\nin\nDescriptive\nMetaphysics\n南瓜料理變身抗貓武器！\n老鼠們為了對抗貓大人的南瓜攻勢\n只好祭出一道道南瓜料理，討好貓大人的胃\n老鼠們如何運用智慧，化解危機\n趕走可惡的貓大人呢？\n貓咪住在山坡上，他的田裡到處都是又圓又大、黃澄澄的南瓜。不過，貓咪卻對這些南瓜一點興趣都沒有，隨腳便將南瓜踢到下面的村落去，住在下村的老鼠們被嚇得是驚叫連連、四處奔逃。最後，全村的老鼠絞盡腦汁、輪番上陣，端出一道道南瓜料理，究竟大家能否同心協力、順利趕走可惡的貓大人？南瓜又如何百變多樣，成為擄獲貓大人味蕾的美味料理？\n美味新「食」尚，帶來飲食的幸福體驗\n告訴你幸福健康的「關鍵飲食」\n來看看擁有「打造幸福料理」之名的阿慕師大展身手\n天然的最好！快來呼朋引伴，品嘗聖誕老爺爺的幸福滋味\n蝸牛奶奶的幸福良食祕訣，即將不藏私大公開\n鼠輩一族的南瓜料理巧思，勇敢擊退危險的威脅\n近年來，在全世界掀起一波波的飲食革命，都告訴我們掌握幸福健康的關鍵，便是從你我的日常生活中做起。在速食文化當道的潮流中，我們該如何為孩子的健康成長嚴格把關？\n從認識天然食材的特性、烹調食物的方法、良心食品的安心生產，學習料理職人堅守崗位、童叟無欺的可貴精神。並從每日的餐桌食材中，告訴孩子選擇天然又健康食材的重要性。\n系列特色\n「最夯的」飲食話題：呼應現今飲食安全的議題，飲食教育必須從小扎根，從日常生活中做起，建立正確觀念與選擇方法。\n「最精彩的」圖文故事：帶領你深歷其境，徜徉故事氛圍、建立正確飲食觀、了解自製食物的優點與食材料理方法，學習料理職人的可貴精神，揭露幸福飲食的獨門妙招。\n「最有趣的」料理新聞：特別製作附錄單元，一手掌握幸福飲食新脈動！\n「最詳盡的」註解說明：適時加入附註說明，引導讀者深入了解飲食的相關背景知識。\n系列介紹\n1.幸福料理的幕後推手：用心對待食物、打造美味佳餚是料理職人的使命，更是重視每一位客人健康的最佳代言人！\n2.自製食物的幸福味覺：天然的最好！了解食材的正確保存方式，嘗試自製美味料理，你我都是安心食品的把關者！\n3.掌握幸福健康的不二法門：了解食物生產的源頭、栽種與培育的過程，支持良心食品的生產，安全度過食安風暴的威脅！\n4.擄獲味蕾的祕密：煎、煮、炒、炸，運用料理巧思，相同食材也能有多樣變化。', 3, 0, 0, 'http://cdn.kingstone.com.tw/book/images/product/20116/2011600003986/2011600003986b.jpg', NULL, NULL, NULL, NULL),
(47, 'book', '德勒茲論音樂、繪畫與藝術\r\n                          Deleuze on Music-Painting-and the Arts', 277, '《德勒茲論音樂、繪畫與藝術》Deleuze\non\nMusic-Painting-and\nthe\nArts\n●\n本書的主要目的是闡述德勒茲關於音樂與繪畫的思想，並將其放置在其整體美學理論的論述中。\n●\n德勒茲最迷人也最苛求的地方在其論點的細微糾纏與轉折，且通常最頑強的句子與段落也正是了解書中整個章節的關鍵。\n畫家總試著在其作品中使不可見之力變得可見，作曲家則試圖讓聽不見的聲音變得可聽見。\n藝術作品的形成不過是人類一般創造的一個面向，而藝術也與自然世界不斷創生的過程不可分離。\n本書共分音樂、繪畫與藝術三部分，藉以論述藝術與自然科學、哲學之間的歧同辯證。\n首章概述德勒茲與瓜達希音樂宇宙學的基本特徵，透過音樂家梅湘（Olivier\nMassiaen）的作品，來展示這個理論如何連結音樂作曲本身。第二章延伸此分析，思考其他作曲家以及德勒茲關於西方從古典時期到當前的音樂藝術史概念。第三章再一次檢視自然與音樂之間的關係。第四章主要闡述德勒茲稱為「臉性」（faciality）這一難以捉摸的概念。第五章與第六章檢視德勒茲在培根的繪畫研究中論證有關「力」的捕捉，第七章則提供關於德勒茲《什麼是哲學？》書中艱澀段落的試探性閱讀，並評析德勒茲所謂個別藝術的相關力量及其與哲學的密切關係。\n德勒茲是一個深具原創性的藝術分析家，以及新詞與概念的發明者。本書嘗試闡明德勒茲複雜的哲學論點而不簡化它，並探問德勒茲的各種概念對於實際藝術作品分析可能帶來的實際成果。任何有興趣與德勒茲困難文本周旋的人，本書是彌足珍貴的重要參考。', 9, 0, 0, 'http://cdn.kingstone.com.tw/book/images/product/20190/2019010038291/2019010038291b.jpg', NULL, NULL, NULL, NULL),
(48, 'book', '人的本質-死亡.愛情.工作.統治.遊戲', 342, '《人的本質-死亡.愛情.工作.統治.遊戲》\n本書原作者德國思想家芬克教授與胡賽爾、海德格曾被譽為二十世紀哲學三大宗師。本書從存在與共存分析觀點，探究人生五大領域，詮釋死亡、愛情、工作、統治與遊戲等五種人類基本現象。凡對人類的本質和特性有興趣認識的讀者，皆適合閱讀參考。', 5, 0, 0, 'http://cdn.kingstone.com.tw/book/images/product/20110/2011000034405/2011000034405b.jpg', NULL, NULL, NULL, NULL),
(49, 'book', '氣論釋物的身體哲學', 221, '《氣論釋物的身體哲學》\n氣論哲學係中國人特有之宇宙觀，身體意識則吾人生命最原初之焦慮，合此二種關懷，本書擬從思想與文化的溯源入手，勾勒氣論哲學之理域與轉化，釐辨「氣」、\n「陰陽」、「五行」、「精」、「神」等概念之意蘊，終聚焦於中醫學寶典─《黃帝內經》與萬古丹經王─《周易參同契》之身體思維，以探究中國人特有之身體\n觀。', 15, 0, 0, 'http://cdn.kingstone.com.tw/book/images/product/20110/2011000029128/2011000029128b.jpg', NULL, NULL, NULL, NULL),
(50, 'book', '兩漢魏晉哲學史', 450, '《兩漢魏晉哲學史》\n兩漢魏晉哲學對先秦哲學有繼承處，但在其歷史條件與文化時空的編織下，仍有其獨特的時代課題。\n為回應時代性的切身課題，兩漢與魏晉之人對其前代哲學則予以選擇性、綜合性及改造性的繼承，以及獨見而創獲的思想，因而形成不同的時代特色和成就。\n本書針對兩漢魏晉六百多年的哲學活動與成績，研究撰寫成可供教學與參考之用的專史著作。\n其採集兩漢魏晉六百年間的重要哲學研究成果，以問題為經，具代表性的哲學家為緯；綱目力求完整均勻、章節力求明晰有序，並專章介紹兩漢、魏晉的經學，並以較大篇幅論述兩漢、魏晉的音樂、書法及人物品藻等美學\n思想；且專章解說東漢趨向道教理論之形成的三本典籍《太平經》、《老子想爾注》與《老子河上公注》，適合作為哲學系、中文系等相關課程教材。', 9, 0, 0, 'http://cdn.kingstone.com.tw/book/images/product/20110/2011000028756/2011000028756b.jpg', NULL, NULL, NULL, NULL),
(51, 'book', '存在與虛無\r\n                          L’etre et le neantet', 514, '《存在與虛無》L’etre\net\nle\nneantet\n近代思想把存在物還原為一系列顯露存在物的顯象，這樣做的目的是為消除某些使哲學家們陷入困境的二元論，並且用現象的一元論來取代它們。這種嘗試成功了嗎？我們從「顯現」出發，繼而提出了兩種類型的存在：自在與自為。這兩種存在的深刻的含義是什麼？為什麼這兩種存在都屬於一般的存在？這種自身中包含著截然分立的存在領域的存在的意義是什麼？如果唯心主義和實在論都無法解釋那些事實上用來統一那些確實無法溝通的那些領域的關係，我們能給這個問題提出別的解決辦法嗎？現象的存在怎麼能是超現象的呢？正是為了回答這些問題，我寫了本書。－－尚-保羅．沙特', 2, 0, 0, 'http://cdn.kingstone.com.tw/book/images/product/20114/2011430022614/2011430022614b.jpg', NULL, NULL, NULL, NULL),
(52, 'book', '哈佛哲學課：徹底改變你看待世界的方式', 203, '《哈佛哲學課：徹底改變你看待世界的方式》\n徹底改變你看待世界的方式教育的目的：如何讓人成為人Philosophy：「有智慧」還是「愛智慧」經常去圖書館查看資料的人一定會發現：哲學的編號是「1」，這是作何解釋呢？這是因為哲學是一門具有基礎性與整合性的學科，既能作為一切知識的基礎，又能統合所有的知識。每一個人都是一個完整的世界。殺死一個人，\n就毀滅了一個完整的世界。而拯救一個人，就拯救了一個完整的世界。這是摘自猶太教法典《密西拿》中的一段話。在這個世界上，沒有一個人是一個完全孤立的島嶼，每個人都是陸地的一部分。如果大海沖走了一塊泥土，整個陸地就會縮小一點，就好像一個岬角或者一座屬於你自己或者你朋友的城堡被吞沒了似的。任何一個人的毀滅，都會使世界缺少一點，從而變得殘缺不全。然而，在當今世界，人們卻隨時面臨著「毀滅」，這種毀滅不是來自外界或他人，而是來自人類日漸消沉的自我毀滅。面對諸多的人生難題：善與惡的困惑；道德的衝突與背叛；經驗和信念的不一致；慾望與理智的衝突；愛與恨的糾結；靈與肉的分離；理想與現實的碰撞；目標與幸福的背離……人們陷入了選擇的困境之中，困惑、迷茫、麻木、沉淪，乃至走向自我毀滅。\n人生短短幾十年，難道我們就這樣讓寶貴的生命日趨走向毀滅嗎？難道就沒有一劑人生良藥能夠拯救人類、拯救世界嗎？馬可．奧勒留就此問題給出了明確的答案：世上有什麼能夠指引我們的人生？有一個且只有一個，那就是哲學。提起哲學時，很多人都認為哲學是抽象難懂的，認為「哲學家不過是空想主義者」。其實不然，哲學中的生活智慧關注的是真實的生活和生活方式，只是後來哲學逐漸被制度化，成為一種與生活毫無關係的腦力活動。如今，哲學正在回歸，慢慢讓普通人能夠理解和應用它，這樣，你就可以用它對人性展開無限的探索。哲學從業者的職責就是將哲學從發黴的圖書館書架上取下來，抹去灰塵，放在你的手裡。你可以學習如何使用它，這不需要任何經驗。你在踏上人生的旅程之前務必要先瞭解一些哲學《哈佛哲學課》一書將為你提供解答所有問題的鑰匙，無論你是獨自一人還是和朋友在一起，都能夠在人生道路上一路順風，精彩無限。本書將帶你走進歷來被看做是美國哲學縮影的哈佛大學，二十世紀的美國哲學幾乎就是由其統領的：在學風傳承上，早期的路易斯、中期的蒯因、晚期的普特南等哲學家都在哈佛哲學系任教；在思想傳統上，哈佛大學哲學系是美國實用主義的搖籃，實用主義的創始人皮爾士、詹姆斯等人都是哈佛的驕傲。同時，美國的生命哲學、過程哲學等也都發起於哈佛。作為當代美國哲學的縮影，哈佛哲學不僅體現了美國的實用主義哲學精神，而且反映了當代美國哲學的發展現狀。哈佛哲學的多元化不僅體現在哲學系的課程設置以及教師隊伍上，而且在與哲學、宗教、文化等相關的院系，如哈佛燕京學社、世界宗教研究中心、東亞系等，也始終保持著活躍的學術氛圍，對哲學系以及整個哈佛哲學圈都有很大的影響。哈佛的實用主義和分析哲學作為治學方法和生活態度，滲透在哲學家們各自的研究領域，從而形成了風格迥異的各種哲學思想：蒯因的思想會受到卡維爾等人的批評，而普特南的思想也會受到來自倫理學家的責難，哲學家之間的學術爭論和思想交鋒經常發生。對倫理學和政治哲學的深入研究以及羅爾斯、諾齊克、桑德爾等人的世界影響力，使得哈佛哲學在所謂的應用哲學領域也取得了極高的聲譽。這也是哈佛哲學課備受關注與追捧的原因所在。哲學，其實是絕大多數人都能力行的。哲學思考甚至不需要有具備學位或資格證明的哲學家參與，只需要有進行哲學主題研究的意願就可以。每個人都有自己的人生哲學，我們是在生活的過程中逐漸建立自己的人生哲學的。經驗是最好的老師，但我們還需要仔細思考一下經歷過的事情。我們需要用批判的觀點來看待問題，尋找規律，將所有的事物組合起來形成一幅大的圖景，指導我們以後的人生道路。瞭解自己的人生哲學定能夠幫助我們預防、解決或處理許多問題。本書將告訴你如何處理人生中的重大問題。談及的方方面面每個人都會遇到，包括揭示人性弱點、推行倫理道德、面對死亡問題、應對職業更換、處理戀愛及婚姻關係、尋求生命的意義或目的等。當然，不是所有問題都有解決之道，但即使你無法找到解決方法，還是需要以某種方式去面對它，畢竟生活還是要繼續的。解決還是面對，本書將告訴你如何選擇，定會讓你在這個充滿挑戰的世界中獲得持久的滿足感與充實感。', 13, 0, 0, 'http://cdn.kingstone.com.tw/book/images/product/20119/2011910170750/2011910170750b.jpg', NULL, NULL, NULL, NULL),
(53, 'book', '老子心解', 340, '《老子心解》\n這本書揭露了《道德經》的本來面目，清楚的告訴世人，如何培養一位可以把國家治理得井然有序、人民安居樂業，國力蒸蒸日上的「聖王」。原本在國人的心目中，「聖王」只是可遇而不可求的理想人物，經過本書的剖析，才知道原來是可以按部就班訓練而成的。春秋時代的國家規模大致相同於現代的大型公司，因此，《道德經》這本書，應用到現代社會，它就是一本培養公司執行長的好書。同時，更告訴世人，物理學上所說的「全息」和「碎形」這兩個原則，不但主導形成精彩的宇宙萬象，更是主導人間事物和行為的一再重複出現的根本原因。名家推薦楊憲東\n成功大學航空太空學系講座教授\n透過本書的文史專業與科學關照，《老子心解》這本書忠實地還原了《道德經》的本意。陳國鎮\n東吳大學名譽教授\n以過往歷史學家的訓練與治學所累積的能力，更加豐富老子《道德經》的內涵闡釋。李嗣涔\n臺灣大學電機系教授\n現代科學版的《老子心解》，在領導統馭、修身養性上可以讓現代人更容易親近、更容易學習。王吉林\n中國文化大學史學系特約講座教授看看宋光宇教授如何心解老子。此書宋氏心解，我亦讀老子，細解我心，與宋氏同異如何。', 6, 0, 0, 'http://cdn.kingstone.com.tw/book/images/product/20112/2011210239843/2011210239843b.jpg', NULL, NULL, NULL, NULL),
(54, 'book', '生死關懷與生命教育', 237, '《生死關懷與生命教育》\n本書每一篇章都在關懷、提醒、敘說生死的真相、生命的真義。盼望讀者透過本書，仔細品味生命這本最奇妙珍貴的書，由內心深處湧出關愛自己與他人、自然萬物、社會環境與地球生命的情操。不僅學到生命智慧，更願意付出行動，去關懷、去教育，以及接受終身不斷地共修與自學生命教育的功課，為自己的生命締造亮眼的成績單，活出生命的積極良善與美好，完成此生獨一無二的使命與價值！期勉我們都能活得精彩、死得安詳，善其生也能善其終，臨終時刻生命交棒前都能展現生命的內在光輝，無憾無悔地告別人間，安然自在前往下一個生命旅程。', 13, 0, 0, 'http://cdn.kingstone.com.tw/book/images/product/20152/2015280622222/2015280622222b.jpg', NULL, NULL, NULL, NULL),
(55, 'book', '中國哲學史(紀念版)', 790, '《中國哲學史(紀念版)》\n關鍵特色\n★馮友蘭先生一百二十冥誕暨逝世二十五週年紀念。\n★馮友蘭，下談二千餘年的經學時代。\n★韓國女總統朴槿惠最喜愛的中文書籍！\n★奠定一代哲學大師馮友蘭先生在中國哲學史研究領域的地位。\n★第一部完整的中國哲學通史，上論四百餘年的子學時代，下談二千餘年的經學時代。\n上論四百餘年的子學時代，下談二千餘年的經學時代。\n會通古今、融會中西，第一部完整的中國哲學通史！\n馮友蘭先生於三○年代完成兩卷本《中國哲學史》，在寫作本書下冊時，國家正遭受列強侵略，所謂「哲學是時代精神的理論結晶，真正的哲學家是時代的號手。」（牟鍾鑒），為使國人對中國文化產生信心，並確信固有之文化並不亞於西方文化，書中極力闡揚中國哲學之光明面，充分展現了當時的時代精神。馮友蘭先生的一生和哲學無法分離，在臨終彌留之際曾說：「中國哲學將來一定會大放光彩！」\n馮友蘭先生是第一個以現代眼光貫通中國哲學的人，而《中國哲學史》更是第一部以西方哲學概念做為架構，具備現代意義的中國哲學史著作。書中許多觀點，均為前人所未發，後人所不能改，其基本架構亦已為中國哲學史界普遍接受，並成為學術界的定論。\n全書分為「子學時代」與「經學時代」兩部分，子學時代論孔子至淮南王等四百餘年之哲學文化，以橫的發展為主；經學時代則談董仲舒至康有為等二千餘年的學術主流，以縱的發展為主。書中大力推崇儒學在中國哲學史上的獨尊和正統地位，史料豐富翔實，觀點新穎深刻，分析透徹，具有極高的學術價值，堪稱中國哲學史研究的奠基之作。\n闡舊邦以輔新命，極高明而道中庸。\n紀念馮友蘭先生一百二十冥誕暨逝世二十五週年精裝版\n杜威（美國著名實用主義哲學家）：馮君這個學生是一個真正的學者的材料。\n張岱年（著名哲學家）：馮友蘭先生胸懷寬闊，涵養有素。他既能提出自己的獨到見解，也能容忍不同的意見。\n李慎之（著名哲學家）：中國人瞭解、學習、研究中國哲學，馮友蘭先生是可超而不可越的人物。\n牟鍾鑒（中央民族大學哲學與宗教學系教授、博士生導師）：對於二十世紀社會矛盾運動所發生的深刻變化，感覺最敏銳、理論轉換最及時的哲學家是馮友蘭先生，對於辯證法的核心即對立統一規律，最早出來用貴和的觀點加以重新解釋的哲學家是馮友蘭先生。\n2015年是馮友蘭先生一百二十冥誕暨逝世二十五週年，為紀念這位在中國哲學史上具有相當地位的大師，臺灣商務印書館特出精裝版，邀請馮友蘭先生的後代馮鍾璞女士為此書作跋，並請曾獲「中山文藝獎」、「國家文藝獎」及「吳三連獎」的書法名家陳維德教授為本書封面題字。\n延伸閱讀\n《走近馮友蘭》、《當代中國哲學第一人：五論馮友蘭》', 9, 0, 0, 'http://cdn.kingstone.com.tw/book/images/product/20112/2011200042866/2011200042866b.jpg', NULL, NULL, NULL, NULL),
(56, 'book', '我有那麼一種心情：哲學、美學與生命的刻痕', 221, '《我有那麼一種心情：哲學、美學與生命的刻痕》\n真正的哲學就是生活，\n是平常、愉快而充滿，\n是帶來你的喜樂給世間。\n安靜篤定的耳順之年：六十歲，哲學家史作檉從青壯時期的澎湃激昂於此而變得內斂成熟，他仍舊在一條哲學路上一如既往地踽踽獨行，透過他對哲學、美學與\n生命的探索，他已毋需寄託於其他的思想家，更自成格局的以自己的語言提出一種簡單生活之道。強調讓人更單純的回到他自己，回到自然，而文字也一樣。這每一\n件事物獲得解放的方式，就是讓它們都探尋到它的根源。\n寓哲學、美學於生活實踐中，是史作檉很重要的思想。一路的反復辯證，誠如一個人的修行，而修行就是對於同一件主題有至真至善的要求。短詩般的箴言，反\n復闡述的主題，彷彿開展的規律幾何圖案，每一則都予人思想上一種清醒、清涼。翻開任一則，都有驚喜，依時循線閱讀，則更能體會其間心境稜線的變化。\n找到屬於你自己的路：人之學習，為的是要把後天人為的、被掩蓋的稱之為「現象」的事物擺脫掉，而回到生命最初的狀態。只是每個人使用的方式各異，所有\n學習過的方法，最後都應當成就為屬於你自己的一套方法。所以史作檉在108則說：「朋友，就此背叛我全部的語言與說詞，而切實地回到你自身的生命中去吧！\n哲學家的六十歲心情寫照。人是無法想像六十歲的心境的，除非人自己經歷過了六十歲。儘管哲學家一輩子在真理上探索，但要得到真正的解脫、自由何嘗容易，而這正是這本書讀之感到備加溫暖人心之處。\n《我有那麼一種心情：哲學、美學與生命之刻痕》依書寫時期分有四卷，共一百五十則短詩文。詳述史作檉從五十七至六十歲前後撰寫本書時的生活、心情，也\n對其複雜之哲學人類學方法，有許多扼要提示。這本書以「一種清爽無牽掛的心情」破題，帶出年屆耳順之年的史作檉思想格局上的篤定了然，哲學家在自然中感受\n自然，對生命有吶喊有疑問，但是，他的思路無滯，他的文字輕快，收放自如，過往付出的研究探索成為今日已然顯得去蕪存菁的對於追求真理、與對自己心性瞭解\n的條條刻痕──成果。從書的卷一至卷四，好像我們跟著山中史作檉一邊做學問一邊時問時有答，但始終懷著一種不變的心情：驅策自己走在求真的路途上，那麼自\n在而灑脫。\n1.\n清清爽爽，無牽無掛，\n哇．賽．哇．賽，\n不是因為沒什麼事，\n而是有那麼一種心情。\n哇．賽．哇．賽，\n如漂浮在室中的一種清唱，\n它清清爽爽，無牽無掛，\n哇．賽．哇．賽，\n其實不是大空中唱歌，\n而是我自己在唱，\n它清清爽爽，無牽無掛，\n哇．賽．哇．賽，\n事情當然是很多，\n但總有那麼一種心情\n哇．賽．哇．賽，\n事情當然都很緊迫，\n更充滿了衝突、矛盾、挑戰與說不出的苦楚，\n只是我有那麼一種心情，\n它清清爽爽，無牽無掛，\n2.\n只是有時我會猶疑著想，我所羨慕的是年青的身體？還是他的希望？但我發現許多年青人都羨慕老年人之希望與理想，他卻永遠都不會清楚地知道老年人整個身體與希望、理想之間的關係。唉！人生就是如此。\n36.\n今年已經是我所過的第五十八個春天了，但是當我迎著風和太陽時，仍有一種說不出的新鮮感。也許這種新鮮感只是過去的重覆，但我不能否認它對我仍有一種極其特殊之新奇性。也許新奇也只是過去的重覆，但新奇本身不是。\n112.\n早上，不論空氣、陽光、溫度、濕度、氣氛、心情，等等，無一不在向我們說明，這是一個充分充分之創作之早上。\n於是，我開始準備、整理、端坐、思索、等待、企畫，等等，但，最後我卻發現我完全失敗了，因為，不論我怎樣創作，又怎能贏得過業已圍繞在我四周之陽光之創作？\n那氣氛、那靜默、那滲透、那不可著摸。\n於是，最後我還是收拾了一切，迎向那山林之陽光處，直奔而去。\n114.\n不論生命多麼困難，都請你設法以最大的忍耐與尊重，順利地找到那些橋樑，搭上那些列車，攀登並跋涉，最後終必來臨到那令你永遠坦然、喜悅並無所旁顧之生命的面前。它簡簡單單，光光亮亮，誰還會再記憶那些我們曾經歷過之紛紛爭爭之瑣細之事呢！\n114.\n我已經六十歲了，終於知道怎樣做一個簡單而完整的人。\n123.\n生命之神把我整個地控制了下來，祂叫我寫詩，我就寫詩。祂叫我繪畫，我就繪畫。祂叫我唱歌，我就唱歌。當我做完了祂叫我所做的一切，然後我就死去。因為祂對我說：你的工作完畢了，你可以回來了。於是我就又回到了生命的裡面。\n本書特色\n哲學是什麼東西？難解事物的代名詞？史作檉在書中用簡白直接的文字分享何謂哲學，以及他60年來的哲學探索之路。一改眾人對哲學的刻板印象，他在書中\n一再強調「真正的」，因為真正的哲學、美學、文字，以及生命，都應當是容易懂的事物。只是人類自己在文明發展以來用許多花俏手法把它們弄複雜了，而哲學之\n「學」──這套方法就是去掉人為，回歸事物的本源。史作檉對「哲學」的正名，與態度，又恰恰與心靈的修行一致，這是一本六十歲智者對生命觀的註解，而對凡\n人如我，層層深入以後，逐得撥雲見霧，欣獲十足的療癒與開化。', 1, 0, 0, 'http://cdn.kingstone.com.tw/book/images/product/20116/2011650001512/2011650001512b.jpg', NULL, NULL, NULL, NULL),
(57, 'book', '人類行動與實踐智慧', 315, '《人類行動與實踐智慧》\n中國哲學裡「做人」、「為人」與「做事」、「行事」並不能相提並論，「為人」與「行事」兩者含有更深層的意義，包含了成就自我本身和自我以外的一切有所成就。實踐哲學分為兩項，其一是基於不同實踐領域，對實踐活動做多樣考察，其二是跨越特定的實踐領域，對行動實踐做元理論層面的研究。本書可大致歸類為第二類，以關於如何「行」，何為「行」以及實踐智慧等問題的思辨。本書特色「實踐」與「行動」最大的不同在於實踐所呈現的是較深層的社會歷史內涵，以達到成就自身為指向。兩者之間的關連可看出實踐在智慧中的落實和確證。', 14, 0, 0, 'http://cdn.kingstone.com.tw/book/images/product/20110/2011000031619/2011000031619b.jpg', NULL, NULL, NULL, NULL),
(58, 'book', '學問．思想與情懷', 441, '《學問．思想與情懷》\n當代中國的「人文學」日漸邊緣化，人文學命運如何，人文學者又該做出怎樣的選擇？陳平原教授以其獨特的觀察，透過簡潔的語言給人文學者描述出一種可能的出\n路：在政治與學術之間，注重學術；在官學與私學之間，張揚私學；在俗文化與雅文化之間，堅持雅文化。三句大白話中，隱含着一代讀書人艱辛的選擇。', 12, 0, 0, 'http://cdn.kingstone.com.tw/book/images/product/20114/2011400025966/2011400025966b.jpg', NULL, NULL, NULL, NULL);
INSERT INTO `product` (`id`, `type`, `name`, `price`, `content`, `inventory`, `rank`, `sales`, `pre_img`, `intro_img1`, `intro_img2`, `intro_img3`, `intro_video`) VALUES
(59, 'book', '從利瑪竇到海德格：跨文化脈絡下的中西哲學互動', 308, '《從利瑪竇到海德格：跨文化脈絡下的中西哲學互動》\n司馬遷《史記》載老子晚年見周之衰，西去而後出關，說明老子道家開宗祖師爺老子向異域開放，強調道和聖人的慷慨，走向多元他者。\n跨文化哲學──哲學出自文化、不同的文化有不同的哲學、不同的文化傳統應透過相互外推，豐富彼此。\n從跨文化的向度，歷覽西方文藝復興以降，西方哲學與中國哲學的跨文化互動；瞭解基督徒哲學家和中國哲學家彼此之間的交流。\n在哲學外推的歷史中，本書侃侃而談中、西方哲學家如何彼此對話，超越主體哲學與狹隘理性的困境：\n明朝時，第一位被系統引進中國的西方思想家是亞里斯多德。\n利瑪竇：中國其實就是一個世界，中國不僅是一個王國。\n．耶穌會士認為像亞里斯多德這樣一位大哲，也有像中國蘇秦「髮懸樑，錐刺股」的精神，他睡覺時手持一顆銅球，下面放一個銅鑼；當他睡覺時，手一鬆，銅球掉落到銅鑼上，敲出鑼響，於是他就醒來了，繼續用功。\n．利瑪竇嚮往先秦儒家對天的敬仰，他穿著儒服，從壓抑的德行觀來推解「克己復禮」之意。因為在文藝復興時期，由於才從中世紀的禁錮中獲得解放，因此「人欲橫流」。人要親近天主，就必須克制肉體慾望，陶成美德。\n．被時人稱為「西來孔子」的艾儒略說：在傳統中國哲學裡有各種名詞來說靈魂，他一方面習取了中國的人性論，並透過天主教及其對亞里斯多德《靈魂論》的詮釋，把人的靈魂與人的精神本性等同，而以此來和中國哲學溝通。之所以翻譯亞理斯多德，是為了讓東海聖人（孔子）與西海聖人（亞里斯多德）的思想相逢。\n文藝復興時，第一位被譯介到歐洲的中國哲人是孔子和其倫理智慧。到清朝，法國皇帝路易十四派名數學家白晉到中國來為康熙服務，教學並研究數學和《易經》。\n．耶穌會士介紹、翻譯的經典，主要都是環繞著《四書》、《五經》，認為其中對人整體理性的重視甚至超過西方；所介紹的聖者，主要是孔子。對於先秦儒家所訂下的人文典範最為推崇。\n．萊布尼茲：我認為這是個天定獨特的計畫，今天人類的文明與改良必須集中在我們這塊大陸的兩端，也就是歐洲和中國。中國是東方的明珠，就如同我們歐洲是另一端的明珠一般。\n本書特色\n★十六世紀明末時，中國的思想與學術在一場驚天動地的典範轉變後，中西方哲人逐漸進行「跨文化哲學」的對話。\n★中、西方彼此的思想家不斷進行交談，面對西潮，「明季四公子」方以智結交湯若望、畢方濟，又讓自己兒子與波蘭人穆尼閣學習數學。這是一種尊重外邦人差異性的智慧。\n★傳教士羅明堅抱持著傳教的熱忱與文明的慷慨抵華，利瑪竇因而說「朋友宛自我的另外一半」（《交友論》），平等友善地「相互豐富」彼此的文化內涵。\n★從利瑪竇到海德格，這兩位西方哲人的心靈映照出不同的東方世界，藉由西方哲學家的眼光，重新認識印象中的中國思想。\n利瑪竇：「中國的領導者是一個具有哲人王素質的皇帝，他公正、智慧、仁慈；中國的君主是在一些哲學家的輔佐下，維持他的統治的。孔子開創的儒家道德傳統哲學，是中國社會政治文化生活的準則，個人以其修身，統治者以其治國。」\n海德格將《老子》第十五章之「孰能濁而靜之徐清」、「孰能安而動之徐生」當作對聯掛在他的書房，藉以思考他心中「光與暗」論證、屬於古希臘哲學的傳統。', 9, 0, 0, 'http://cdn.kingstone.com.tw/book/images/product/20110/2011070007576/2011070007576b.jpg', NULL, NULL, NULL, NULL),
(60, 'book', '後現代狀態：關於知識的報告\r\n                          La condition postmoderne: rapport sur le savoir', 225, '《後現代狀態：關於知識的報告》La\ncondition\npostmoderne:\nrapport\nsur\nle\nsavoir\n李歐塔，公認為「後現代主義之父」的法國思想家\n本書為研究後現代社會與後現代主義的經典之作\n本書研究最為發展社會中的知識狀態，以「後現代」命名之。它指的是經歷了各種變化的文化處境，這些變化從十九世紀末就開始影響科學、文學和藝術的遊戲規則。在這裡，我們將通過與敘事危機的比較來定位這些變化。\n科學在起源時便與敘事發生衝突。用科學自身的標準衡量，大部分敘事其實只是寓言。然而，只要科學不想淪落到僅僅陳述實用規律的地步，只要它還尋求真理，它就必須使自己的遊戲規則合法化。於是它製造出關於自身地位的合法化論述，這種論述就被叫作哲學。當這種後設論述明確地求助於諸如精神辯證法、意義詮釋學、理性主體或勞動主體的解放、財富的增長等某個大敘事時，我們使用「現代」一詞指稱這種依靠大敘事使自身合法化的科學。\n簡化到極點，我們可以把對後設敘事的不輕易相信看作是「後現代」。後現代知識並不僅僅是權力的工具。它可以提高我們對差異的敏感性，增強我們對不可共量的承受力。它的根據不在專家的異質同構中，而在發明家的平行建構中。', 15, 0, 0, 'http://cdn.kingstone.com.tw/book/images/product/20116/2011610004706/2011610004706b.jpg', NULL, NULL, NULL, NULL),
(61, 'book', '你並不需要成為哲學家，也能夠在現實中運用哲學', 157, '《你並不需要成為哲學家，也能夠在現實中運用哲學》\n你並不需要成為哲學家，也能夠在現實中運用哲學\n透過千百年間最經典的哲學趣事，本書企圖達到實用為本的目的，讓你在簡單輕鬆的哲學故事中參透大智慧、大哲理，掌握為人處事的技巧，明晰人類生存的法則，處變不驚、運籌帷幄。\n本書分為穴居時代的神祕光影、深淵中響起的壯麗詩篇、古老城邦的絢麗花園、神祕的東方智慧之果、繁花盛開於陰暗的角落、重返原始思維的愚昧、當財富撼動權力神殿之時、照耀心靈的理性之光、啟蒙心智的偉大開端、思想大廈的宏偉框架、哲學思想的盛大饗宴、冰冷華麗的金屬宮殿等十二章，並附以本書所涉及的哲學概念之解說。\n本書的哲學家列表，用最輕鬆的語言、最生動有趣的故事，步步深入、層層鋪開，讓您盡情享用這一智慧饗宴，暢遊人人都嚮往的哲學殿堂。', 13, 0, 0, 'http://cdn.kingstone.com.tw/book/images/product/20110/2011000032951/2011000032951b.jpg', NULL, NULL, NULL, NULL),
(62, 'book', '圖解中西哲學的智慧', 300, '《圖解中西哲學的智慧》\n「我思，故我在」，思考為人生開拓新視野\n哲學並非一門學問，而是一種生活。並非那些深奧的義理才可以是哲學，哲學無所不在，當你思考「為什麼……」時，就是哲學的表現。人的一生可說是由哲學構成，從孩提時天天追著大人問東問西，到求學時對知識的追求，以至於在職場立下的目標；從宇宙、知識、倫理、價值、邏輯等，到心靈、宗教、語言、科學、政治、法律……都是更深、更廣地從主觀到客觀的質疑與反思，進而碰撞、重整出更清醒的思考，明確自己的人生目標。\n本書分為兩個部份介紹哲學。上篇《哲學的故事》從哲學的萌芽至二十世紀，介紹各時期重要的哲學家以及他們的故事，讓讀者從中認識哲學。下篇《生活中的哲學》主要從人生方向、學習態度、待人處事、解決問題等方面，已故事或名人事蹟探討哲學思辨，讓讀者能從中激盪出不同的思考，對自己的人生有一番新的體悟。\n˙哲學對我的人生有什麼樣的幫助？\n˙如何掌控命運，而不是命中註定？\n˙待人接物有什麼哲學，讓人際關係更上一層？\n˙該如何找回對工作失去的熱情？\n˙生活平凡到令人空虛嗎？該如何才能過得更充實？\n本書特色\n用哲學鍛造思維、灌溉心靈，超越自我，將生活過成一門藝術\n人生即是哲學的實踐\n薈萃中西哲學家精粹，探討人生智慧的思辨\n˙細說哲學史：詳盡介紹泰勒斯、畢達哥拉斯、希臘三哲、培根、迪卡兒、叔本華、孔孟、老莊等多位中西知名哲學家，藉由他們的故事輕鬆領略重要哲學思潮的意義和內含。\n˙生活中的哲學：透過提問，激發讀者思考、審視自我，並透過歷史事件或有趣的故事輔助，重整思維，用更有智慧的方式待人處事與過生活。\n˙圖表解說：透過圖畫、照片與哲學家小傳，讓你對哲學家事蹟與學說有更深一層的認識；輔以哲學辭典，讓你對哲學思想的認識更全面。', 14, 0, 0, 'http://cdn.kingstone.com.tw/book/images/product/20110/2011000033033/2011000033033b.jpg', NULL, NULL, NULL, NULL),
(63, 'book', '大師與門徒：哈佛諾頓講座\r\n                          Lessons of the Masters : The Charles Eliot Norton Lectures', 198, '《大師與門徒：哈佛諾頓講座》Lessons\nof\nthe\nMasters\n:\nThe\nCharles\nEliot\nNorton\nLectures\n牛津、哈佛大學名師\n喬治．史坦納\nGeorge\nSteiner\n大師們與門徒的動人故事\n偉大的教導與教育能使人的靈魂在美感、哲學，以及智性上，\n追求不僅屬於個人，更是屬於全人類的不朽。\n本書為喬治．史坦納教授在哈佛大學諾頓講座的系列講題，以六篇在講座中對於教學方式與典故的內容為藍本，闡述師生間的衝突與遭遇，對各種教育形式中無數的情結、權力、信任與激情進行深刻的反思。\n喬治．史坦納深研西方古典哲學與文學，為當代西方人文學名師，在其教學生涯中曾巡迴世界各名校講座，足跡遍及劍橋、牛津、哈佛、耶魯、普林斯頓、紐約、日內瓦大學……\n史坦納在本書中列舉了眾多人物典範，包括蘇格拉底與柏拉圖、耶穌和他的門徒、維吉爾與但丁、浮士德與華格納、孔子與許多佛教高僧、胡塞爾與海德格及鄂蘭、莎士比亞與波洛涅斯、布洛德與卡夫卡、歌德與叔本華及尼采、赫曼．赫塞與尼克特、弗洛依德、亨利．詹姆斯、川端康成、理查．費曼、波柏與阿格西、韋伯等等。\n他對傳統與師生關係的討論另闢蹊徑，反覆環繞著三大主題進行論述︰老師剝削學生信賴感與獨立性的權力；老師相對受學生顛覆與背叛的威脅；還有師生之間相互的信賴與關愛，指導與學習。\n※本書原書名為《哈佛諾頓講座之大師與門徒》', 4, 0, 0, 'http://cdn.kingstone.com.tw/book/images/product/20152/2015250046584/2015250046584b.jpg', NULL, NULL, NULL, NULL),
(64, 'book', '恐怖時代的哲學：與尤根．哈伯馬斯＆雅克．德希達對話\r\n                          Philosophy in a Time of Terror: Dialogues with Jurgen Habermas and Jacques Derrida', 316, '《恐怖時代的哲學：與尤根．哈伯馬斯＆雅克．德希達對話》Philosophy\nin\na\nTime\nof\nTerror:\nDialogues\nwith\nJurgen\nHabermas\nand\nJacques\nDerrida\n面對歷史，哲學有發言權嗎？\n後911時代，關於全球恐怖主義議題的經典對話。\n哈伯馬斯＆德希達，首度於同一本書中思想交鋒。\n後９１１全球恐怖主義時代，兩位當代歐陸哲學教父的思辯交鋒\n偉大思想的碰撞，兩大哲學家針對當代重大事件的對決\n博拉朵莉：「這是首次，哈伯馬斯與德希達同意一起出現於同一本書，\n回答一系列相似的問題。本書的面市也能稱之為一個事件。」\n特別收錄作者獨家中文版序言〈911之後：多元主義的毀滅與新生？〉\n911是新事件嗎？什麼是「新」，什麼是「事件」？\n「另一個世界」可能嗎？\n如何寬容，怎麼好客？\n本書與其他哲學著作不同，其構思起於特定的歷史事件——911恐怖攻擊事件。\n事件發生後不久，哈伯馬斯和德希達先後訪美。博拉朵莉以訪談形式，分別就911此一特定事件與兩位哲學家對談，她的提問刻意求同，以突顯哈伯馬斯與德希達的思想歧異，有意讓它成為新的「德法思想之爭」，併置兩位哲學大師的不同觀點，也令本書張力十足。無疑，，哈伯馬斯與德希達間的異同，以及作者與哈伯馬斯、德希達三人的異同，使文本超越了個別、具體的歷史事件的範疇，引入了對於歐陸哲學傳統和人類總體歷史命運的沉思。\n書題為「恐怖時代的哲學」（Philosophy\nin\na\ntime\nof\nterror）。顯然，前提為博拉朵莉對我們身處時代的性質認定，本書之任務即「對那些與恐怖主義攸關的最急迫問題進行哲學分析」。博拉朵莉認為，參與911事件的恐怖主義者並非一群烏合之眾或偶然聚合的個體，他們有明確的意識形態，此意識形態所反對的不只是美國霸權，更是自啟蒙運動時期以降、哲學家加以表述，最終於美國得到全面體現的哲學概念︰現代性和世俗化。\n博拉朵莉認定哈伯馬斯和德希達是西方啟蒙思想的當代繼承人，因此迫切希望兩位對此作出回應，以他們從啟蒙思維承繼下來的武器解剖此事件，或進而加以還擊。同時，對於訪者這一跳躍式的指認，哈伯馬斯與德希達都以隱含的方式各自提出了不同看法，各自捍衛了哲學自身的榮譽及品格。\n兩位思想家的分析儘管各有歧異，但他們一致同意，應對啟蒙運動進行反思，從中覓得911事件的真正根源。全書是本世紀初偉大思想的首次碰撞，也是思想與當代重大事件之間的關鍵交會。\n［本書重點議題］\n●911是新事件嗎？什麼是「新」，什麼是「事件」？\n本書提醒我們，要思考這些問題，必須將其置於整體的哲學脈絡中，理解如何鑲嵌於哲學計畫，並據此對恐怖主義做出判斷。911是否為「新」、「事件」，顯然在此，哈伯馬斯與德希達持有不同看法。\n●「另一個世界」可能嗎？\n無論是因為扭曲的溝通情境，抑或是自體免疫的惡性迴圈，對哈伯馬斯與德希達來說，恐怖主義都表現出現代性的困境。因此，二人咸認，我們必須再思、重構另一個世界──超越現有的國家、國際、世界體系與概念，駛往「另一個航向」。\n●如何寬容，怎麼好客？\n因全球化而不斷遭遇他者的今日，兩位哲學家給予不同的建議──「寬容」（tolerance）及「好客」（hospitality）。哈伯馬斯認為，「寬容」是一種能夠讓自我與他者共同生活的方式，因此需要一個共同的標準，一條容忍的界線；對德希達來說，「好客」本身具有一種悖論困境。無條件好客必須銘刻在有條件的好客之中，有條件的好客作為痕跡與在場，說明了無條件好客的可能，二者不可分離。', 9, 0, 0, 'http://cdn.kingstone.com.tw/book/images/product/20154/2015480066840/2015480066840b.jpg', NULL, NULL, NULL, NULL),
(65, 'book', '哲學演講錄(四版)', 144, '《哲學演講錄(四版)》\n本書收錄了十篇關於中國哲學的演講，每一篇都有其嚴肅的主題、正確的觀點和崇高的理想。吳怡教授以清楚易懂又令人信服的演說，把深奧冰冷的哲理傳遞給每一位想要探索人生意義的朋友。讀完了本書，您無異參加了十次難得的演講會，。且聽吳怡教授為您訴說中國哲學的精蘊，提供您一個健全、正確的人生觀。', 15, 0, 0, 'http://cdn.kingstone.com.tw/book/images/product/20112/2011200043658/2011200043658b.jpg', NULL, NULL, NULL, NULL),
(66, 'book', '思想史4', 379, '《思想史4》\n《思想史4》收錄中文論著二篇、英文論著二篇、研究討論一篇、書評一篇。在論著部分，吳孟謙呈現了晚明思想的多元價值現象；蔡孟翰以近代東亞四國（中國、日本、朝鮮、越南）為分析對象，討論「民族」一詞的由來與演變；Roy\nTseng（曾國祥）探索牟宗三思想與黑格爾（Hegel）、格林（T.\nH.\nGreen）之淵源；Harry\nT.\nDicknson一文則聚焦於英國從十八世紀下半葉到十九世紀上半葉之間的民主化過程，討論公民自由、政治權力與經濟發展之間的互動關係。', 4, 0, 0, 'http://cdn.kingstone.com.tw/book/images/product/20111/2011100011689/2011100011689b.jpg', NULL, NULL, NULL, NULL),
(67, 'book', '愛、欲望、出軌的哲學', 198, '《愛、欲望、出軌的哲學》\n普天之下所有戀人、伴侶、夫妻，在情字這條路上的必備指南\n美國前任總統柯林頓（Bill\nClinton）、義大利男高音帕華洛帝（Luciano\nPavarotti）、英國皇儲查理斯（Prinz\nCharles）、戴安娜王妃（Lady\nDi）、科學家愛因斯坦（Albert\nEinstein）、法國皇帝拿破侖、大文豪歌德……\n這短短的名人錄顯示了，人類的歷史是一部劈腿、偷情、不忠、外遇的歷史。\n不管社會階層或教育程度的高低，不管主導當時的道德、宗教或法律規範為何，每個時代都充斥著通姦罪和逾越當時禮儀規範、千奇百怪的性愛活動，即便是嚴刑峻法也無法遏止人們在這方面的發展。\n以啟蒙與解釋世界為己任的哲學家們，對於劈腿、偷情、外遇、不忠，究竟有什麼看法呢？\n柏拉圖、康德、叔本華、齊克果或尼采，對此提出過什麼精闢見解？贊成和反對「忠貞」的理由何在？\n本書作者有系統地整理出自古至今哲學家探討人類情感的相關文獻，匯集為精緻可口又容易消化的「小點心」，供讀者盡情享用。也是直接或間接當事者的最佳參考指南。\n書中處處可見幽默睿智的箴言，沒有道德說教，畢竟那不是哲學家的用意所在。至於如何在伴侶關係中建立一套（不）忠實的愛情哲學，有待讀者閱後自行決定了。\n情欲\n所有兩情相悅的感覺，無論表現得多麼超塵絕俗，都根源於性衝動。――叔本華\n在交媾以後，所有動物都會憂鬱。――亞里斯多德\n他們對所愛的人沒有欲望，對於讓他們有欲望的人卻又沒有愛。――弗洛伊德\n激情\n那是一種火燄，讓我燃燒，卻不至於燒毀。――布魯諾\n被激情所控制，是一種情緒的病變。――康德\n人的精神越崇高，他的激情也越強烈。――巴斯卡\n真愛\n愛是無我的，甚至不曾要求愛的回報。――米蘭．昆德拉\n「為什麼」越少，愛就越多。――齊克果\n愛神是非常內行的詩人，它讓所有人都變成詩人。――柏拉圖\n冒險\n剎那即一切。――齊克果\n恐懼是對自由的暈眩。――齊克果\n共結連理\n婚姻有天國作為福證。――齊克果\n自對方各取所需的婚姻才能夠維持得很好。――尼采\n夫妻的關係是平等擁有的關係。――康德\n人們一離婚，就搞得烏煙瘴氣。――阿多諾', 2, 0, 0, 'http://cdn.kingstone.com.tw/book/images/product/20154/2015440484462/2015440484462b.jpg', NULL, NULL, NULL, NULL),
(68, 'book', '靜坐、讀書與身體：理學工夫論之研究', 442, '《靜坐、讀書與身體：理學工夫論之研究》\n儒學不應僅是「思辯哲學」或「實踐理論」。從「半日靜坐，半日讀書」到當代身體觀，透過理學工夫論研究，反思儒學進入現代西方學術之轉譯過程，所產生的實踐脫落，召喚逐漸被學院哲學遺忘的實踐向度。\n本書是一部探討宋明理學工夫論的著作，雖概括不同時代理學家，但貫穿其間的是儒學作為「實踐之學」的基本信念。儒學現代化過程中，在學科分類下被勉強劃入「哲學」學門，但哲學家一向擅長以理論的方式探討實踐，卻往往無法自己親自實踐。當代儒學也出現一個難題：學術化的儒家哲學如何「實踐」？如何不僅成為「思辯哲學」或「實踐理論」？如何避免「實踐的脫落」？此實是儒學現代化、學術化下的一項挑戰。\n藉著回顧理學傳統的修養方法，尋找返本開新的可能。本書關注理學工夫的具體實踐與操作方法，如何被運作、展開；此訴求下，靜坐、讀書與與身體觀，是本書比較集中探討的理學工夫論面向。將工夫論研究，由思想文獻中靜態結構描述的「實踐理論」，返回實修實證的動態歷程之展現。使儒家哲學研究從心性形上學，往身體向度落實，發展成完整的「身心之學」。理學做為成德之學，向來與生命實踐密不可分。實踐工夫成為理學家日常性功課，甚至以證本體為生命大事，那種古典求道精神的實踐神聖性，在當今學術專技化的客觀年代，已逐漸成為一種實踐理論之客觀研究。而當存在體驗化為抽象理論時，理學原初最濃厚的實踐動能與召喚力道，是否也將靈光消逝？本書作者的初發心，便具有這種存在的憂心與感受。換言之，身為現代的學者，作者仍懷有強烈的求道之古典關懷。本書的基本主題關涉：靜坐與讀書這兩種工夫論的辯證，而除了心性修養的傳統論述以外，作者亦吸收當代的身體實踐觀點，企圖更為完整地描述理學家身心一體轉化的體證內涵。現今從事理學工夫理論的研究者不算少，但在理論與實踐之間尋尋覓覓者已不多，在這種儒門淡泊的工夫遺忘的現代氣氛下，作者的懷古初心尤為可貴，其研究成果也值得觀察。──賴錫三／中山大學中文系教授現代儒學研究，儒家的工夫論常被本體論取代，而呈失語現象。此書真正立基於工夫實踐的立場，可做為現今儒者內聖學道德實踐之重要參考著作。──廖俊裕／南華大學生死學系副教授', 10, 0, 0, 'http://cdn.kingstone.com.tw/book/images/product/20112/2011250012635/2011250012635b.jpg', NULL, NULL, NULL, NULL),
(69, 'book', '哲學方法論', 198, '《哲學方法論》\n哲學探討很根本的一些問題，其中有些問題是大概每個人都會在某些時候想一想的。然而，哲學研究不是隨意想一想就能做到的。哲學是一門嚴謹的學術領域，哲學研究跟其他學術領域一樣，有其研究方法。可惜的是，目前中文界還沒有一本專門介紹哲學研究方法的書籍，本書解說了當前哲學研究的一些作法，提供了相當豐富的哲學研究資源之資訊，並且對於許多地方做出了具體的建議，乃至於進行的步驟，以供讀者參酌，對於剛開始做哲學研究的學者來說，有很大的幫助。本書另外針對如何進行學位論文（碩士論文以及博士論文）也做了相當多的解說和建議，對於哲學研究生來說，是很有參考價值的。', 11, 0, 0, 'http://cdn.kingstone.com.tw/book/images/product/20110/2011070007996/2011070007996b.jpg', NULL, NULL, NULL, NULL),
(70, 'book', '在思想經典的國度中旅行\r\n                          Conversations With Great Thinkers', 236, '《在思想經典的國度中旅行》Conversations\nWith\nGreat\nThinkers\n當代經典哲思小品\n蒙田文風再現\n給無暇閱讀經典著作的人們\n在大學教育變相成職業教育，在文化被分割成專業領域的今天，如果按照全人的教育理念來看，我們都不算是真正受過教育，只有讀過經典的人才算是受過教育的人。本書正是要稍稍彌補此一缺失，寫給那些無暇閱讀經典著作的人們。\n這是一本既嚴肅又有趣的書，以簡潔而流暢的文字寫成。介紹各個思想領域中的經典作品，使您感覺自己跟經典作品關係密切，也覺得那些生活在幾百年前的作家就近在咫尺。它使哲學像報紙文章一樣易讀易懂，又不失哲學本身的學術性和深刻性。讀這本書就像在一個文學、思想和經典著作的國度中旅行，隨時可以發現智慧的火光。\n除了人文學的主要部分如哲學、文學、宗教、倫理、政治、語言等等之外，作者特別探討「天才」的論題，從而認識經典背後的作家。並探索二十世紀以來弗洛依德與榮格所帶領的探索無意識領域的運動。\n本書最後提出衰朽與復興的歷史理論。這個理論預言我們的時代會有四百年以來的第一次復興。而兩位十九世紀最傑出的哲學家，尼采和卡萊爾，也都如此預言過。這次復興正在開始，它開始在人們最不能預料的時候，開始在人們只看到衰朽和停滯的時候，開始在衰朽達到極端的時候。\n※本書原書名《西方思想抒寫》', 4, 0, 0, 'http://cdn.kingstone.com.tw/book/images/product/20110/2011000033583/2011000033583b.jpg', NULL, NULL, NULL, NULL),
(71, 'book', '三月的哲思', 283, '《三月的哲思》\n在一個季節裡，史作檉寫下了愛、爆裂與生命歸向的記錄。\n他說：「什麼是愛情？愛情就是那種經過大苦，通過眼淚之淨洗，即刻便又恢復到雀躍般兒童之心的本質者。愛情就是不可用愛情以外任何原因，而妨礙到愛情本身存在的事物。」\n因此，在生活與生命裡以不同姿態活著的我們，也學著去看見那有如日與夜的明暗表裡。\n他說：「因為忍受不了對於完美生命之不可獲得的空虛與飢渴，我們嚮往愛情；為了愛情的不能獲得，我們大哭；為了我們大哭得徹底與深切，我們便說我們渴望生命的心獲得了淨洗般的慰藉；……當我們不再向前去追尋愛情的時刻裡，我們卻能更真實地去愛人了。因為一個真正將心裡的眼淚哭泣淨盡了的人，才是一個真正不再有任何猶疑、怨尤與憤恨的人。」\n設計特色：\n閱讀過書稿後，設計手繪了水彩圖樣，想要如實呈現閱讀的輕盈意象；為了更容易隨手翻、隨手讀，《三月的哲思》採菊16開本，精裝版，不在封面加過多加工與包裝，三邊書被刷色是想要在閱讀時，更能融入三月清新綠意裡的小小心思，讓三月裡的每一天的生活中都可以得到不同的感受與體會。', 5, 0, 0, 'http://cdn.kingstone.com.tw/book/images/product/20185/2018551701268/2018551701268b.jpg', NULL, NULL, NULL, NULL),
(72, 'book', '先秦諸子中和思想研究論集', 289, '《先秦諸子中和思想研究論集》\n本書為研究先秦諸子中和思想的專著，共收論文十二篇，另附錄佛學論文兩篇。在先秦時代，諸子百家紛紛提出中和治道之見，因此，本書研究的對象，即以道家、儒家、法家、雜家為主，涉及研究的古籍有《易經》、《書經》、《詩經》、《道德經》、《莊子》、《文子》、《論語》、《中庸》、《孟子》、《荀子》、《管子》、《呂氏春秋》、《淮南子》、〈樂記〉、《春秋繁露》、《黃帝內經》等。至於附錄的兩篇佛學文章，佛家結緣眾生，以和為出發點，可作本書餘響。', 7, 0, 0, 'http://cdn.kingstone.com.tw/book/images/product/20112/2011210239973/2011210239973b.jpg', NULL, NULL, NULL, NULL),
(73, 'book', '三月後的五卷', 280, '《三月後的五卷》\n【經典重現】\n史作檉在十二年之間，相繼寫下《三月的哲思》與《三月後的五卷》，\n從綠意融融的春日到斑斕風華的秋天。\n不變的是，關於愛情、慾望與生、死間的牽繫，與自我和宇宙間的距離，與你我的每一天的日常。\n愛與需求，來自於人們過份潰失與過份滿盈的時刻裡。\n「你說愛欲之心嗎？在我來說，它一如大自然一樣的單純、直接而偉大，它唯一之缺點，是令人莫可奈何，甚至有時也會令人充滿了遺憾之心。\n而愛是一種需求與激發，自然就是一種自由與完成。\n……\n人的一生當中，有三個不同的生命：\n一個是自然的生命，即人與人生而俱來的，他最好之質素，在於純然之熱情。一個是再造的生命，即人根據人的方式，再造而充實的生命，它的根本內涵，是龐大知識與心靈之合一。還有一個生命，是我從前所不曾認識或瞭解過的，它根本的意義是一種純生命之再生，亦即一種生命本身之創造，卻全不依賴於其他事物。\n今後我所真正要追求的，就是這種生命。\n每天都要問我自己：我今天要怎樣活？」__史作檉\n哲學家所說的自然，碰到人生裡的愛與欲，會是相悖或融合？愛欲與孤獨間的距離又有多近？史作檉以詩與散文寫下生活裡的體驗與思索，有親歷盈缺的歡欣與落寞，更有真實不諱的直言與坦率。\n設計特色：\n為了容易攜帶與翻閱，《三月的哲思》和《三月後的五卷》採菊16開，輕巧精裝版，水彩手繪封面圖樣，三邊書口刷色，不多加工與包裝，讓讀者翻閱時能與純粹紙質纖維觸感。\n推薦閱讀：\n《三月的哲思》\n在一個季節裡，史作檉寫下了愛、爆裂與生命歸向的記錄。\n他說：「什麼是愛情？愛情就是那種經過大苦，通過眼淚之淨洗，即刻便又恢復到雀躍般兒童之心的本質者。愛情就是不可用愛情以外任何原因，而妨礙到愛情本身存在的事物。」\n因此，在生活與生命裡以不同姿態活著的我們，也學著去看見那有如日與夜的明暗表裡。', 14, 0, 0, 'http://cdn.kingstone.com.tw/book/images/product/20285/2028551705449/2028551705449b.jpg', NULL, NULL, NULL, NULL),
(74, 'book', '中國思想史概論', 663, '《中國思想史概論》\n《中國思想史概論》2015新編校版，本書由作者重新增刪校編後，由萬卷樓出版。作者累積近二十年「中國思想史」的教學經驗，將深奧的思想義理，以深入淺出的生動論述，綱舉目張的方式，兼綜各家之說成書。希望能為中文系、所的學生及對文化思想有興趣的朋友，提供前哲思想精義的引導。人生路上走著走著，忽然間才懂了：「這不就是書上的某句話嘛！」一段長路，一句話。厚沉沉的一本《中國思想史概論》，不只為了知識，也為那瞬間的「懂了！」', 14, 0, 0, 'http://cdn.kingstone.com.tw/book/images/product/20111/2011120018989/2011120018989b.jpg', NULL, NULL, NULL, NULL),
(75, 'book', '我的朋友馬基維利：佛羅倫斯的興亡(二版)', 306, '《我的朋友馬基維利：佛羅倫斯的興亡(二版)》\n十六世紀以後，「馬基維利」開始成為「權力陰謀」、「霸術」的代名詞。但實際上，身為共和國的秘書官，除了深深掌握時代脈動，將所見所思寫成《君主論》、《李維羅馬史論》外，馬基維利也從事歷史與戲劇類的寫作。他不僅是個思想家，同時也是歷史學家、喜劇作家、悲劇作家。作者以馬基維利的作品及書信為素材，描繪文藝復與時期的馬基維利「看到了什麼、做了什麼、想到了什麼」，藉以讓我們更深入了解馬基維利的一生，及佛羅倫斯的興衰。', 6, 0, 0, 'http://cdn.kingstone.com.tw/book/images/product/20114/2011430023666/2011430023666b.jpg', NULL, NULL, NULL, NULL),
(76, 'book', '止學：成大事者與平庸者的成敗之謎', 213, '《止學：成大事者與平庸者的成敗之謎》\n在「止」與「不止」之間，是一條成功和失敗的分水嶺。當進則進、當止則止，對止的輕視和無知是引發災禍的原因。香港首富李嘉誠：經營企業「知止」兩個字最重要。中國大儒曾國藩：人生成敗之另一要竅，乃大智知止，唯知止者長遠也。先秦智者墨子：知止，則日進無疆，反者，道之動。知足不辱，知止不殆。持盈保泰、長生久視之道。大智知止，小智惟謀；過猶不及，知止不敗。千萬不要小瞧一個「止」字，它關乎每一個人的勝敗榮辱：對於大人物來說，一個「止」決定了其平凡與偉大；對於一個平凡人來說，它決定了他的成與敗；對於賭徒來說，它決定了輸與贏……「止」之奧妙，存乎一心。自古有一種杯子叫「公道杯」，酒裝七成則容納，過七成則神奇般的遺漏殆盡，告誡人們辦事不要貪心，適可而止，「謙受益，滿招損」，《止學》更多的是告誡做人的哲理，辦事、斂財要有「度」。', 10, 0, 0, 'http://cdn.kingstone.com.tw/book/images/product/20117/2011770936022/2011770936022b.jpg', NULL, NULL, NULL, NULL),
(77, 'book', '荒謬之外：卡繆思想研究', 284, '《荒謬之外：卡繆思想研究》\n「使我認識西方人、甚至現代人內心隱痛的，是卡繆；使我決意正視荒謬並努力超越的，是卡繆；使我承擔薛西弗斯巨石、勇敢推向山頂的，是卡繆；使我親切體察人類意識與人性尊嚴的，也是卡繆。我所依存的信念與智慧固然得自東西方的古代聖哲，但是勇氣則得自卡繆。」──傅佩榮\n以小說《異鄉人》聞名於世的卡繆，時而被人們誤會其作品充滿了悲觀與絕望，事實上，卡繆的思想充滿信念，企圖喚醒人類對生命作最英勇的肯定。與《異鄉人》並列「三荒謬」的散文《薛西弗斯的神話》，更把自荒謬中產生希望的「反荒謬」爭辯之聲發展得更清晰。\n專擅解讀國學經典智慧的傅佩榮教授，自承也從西方哲學思想中汲取勇氣和態度，這本《荒謬之外──卡繆思想研究》層層探索卡繆思想與人性處境的對照，並集中於卡繆的核心思想──「生命是荒謬的」來展開討論，分析此一核心思想在卡繆整個思想歷程中的發展和成熟過程。\n開宗明義的「總論」一篇，概述了卡繆思想的歷程與意義，並將卡繆的思想具體分為荒謬期、反抗期和自由期。上卷「卡繆對荒謬的哲學反思」，著重分析卡繆的「荒謬」概念，系統地爬梳此一思想的發展演變過程，具體分為三個階段，分別是荒謬之感受階段、荒謬之概念階段、荒謬之規範階段。首先發現生命是荒謬的，然後將此一認識上升到理論階段，最後就是超越生命之荒謬。其後並特載傅佩榮對卡繆原著《薛西弗斯的神話》的譯文，譯文全面清晰地再現了卡繆法文著作的思想精髓。\n下卷則是作者對卡繆的劇本《誤會》所做深入細膩的分析，從中析取出卡繆的理論思想，為讀者展現了一個深入淺出的卡繆。同樣下卷也特載傅佩榮對卡繆進入「反抗期」的代表作之一《誤會》的全譯文。從此劇本中可看出卡繆肯定「幸福不是一切，人還有責任」，一種新的人文主義漸露曙光。\n本書特色\n★傅佩榮教授對於西方哲學家卡繆的思想精闢解析\n★附錄兩篇由傅佩榮翻譯的卡繆原作《薛西弗斯的神話》、《誤會》', 13, 0, 0, 'http://cdn.kingstone.com.tw/book/images/product/20114/2011460014405/2011460014405b.jpg', NULL, NULL, NULL, NULL),
(78, 'book', '哲學的起源', 332, '《哲學的起源》\n★2012年日本紀伊國屋書店人文大賞第一名\n★享譽國際的當代重量級思想家「日本的沙特」柄谷行人\n繼《世界史的結構》之後，另一部劃時代鉅作！\n「如果近代的自由—民主主義（議會制民主主義）源自雅典的Democracy，那麼愛奧尼亞的Isonomia必定能成為引導我們的關鍵，發展出足以超越自由—民主主義的系統。」——柄谷行人\n當今許多人以為，自由—民主主義是人類所達到的最終型態，我們只能忍受它的極限，逐步向前。\n然而柄谷行人認為，自由—民主主義絕非最後的型態。我們極有可能從古代的希臘，找到超越它的途徑――但不會是雅典。人們以為雅典的Democracy是近代民主的起源，然其實Democracy已是民主的異化，當代民主所存在的種種困難，其原型就在雅典。\n民主制度是一個尚未完成、仍在進行中的志業。柄谷行人將柏拉圖以降的哲學意見置入括弧，詳細考察古代愛奧尼亞哲學家的思想源流，試圖釐清近代民主概念的濫觴，作為人類未來社會改革的參考與展望。', 10, 0, 0, 'http://cdn.kingstone.com.tw/book/images/product/20114/2011400025416/2011400025416b.jpg', NULL, NULL, NULL, NULL),
(79, 'book', '洗腦的歷史：禍害世界三千年的極端思想控制術解析', 316, '《洗腦的歷史：禍害世界三千年的極端思想控制術解析》\n★教你識破人類歷史上最大的謊言與騙局\n★天堂與地獄的交叉口：極端\n全球網路點擊量突破500萬！\n基督徒不能看，共產黨員不准看，\n千萬人爭相閱讀的重磅禁書!!\n網友贊文：\nGrant＠\n你這本書肯定會被翻譯成多國語言版本，但肯定也將成為全世界的禁書，尤其是所有有信仰國家的永恆禁書。我個人認為你將成為哥白尼似的全球著名歷史人物和禁書作者。因此書您將永垂青史，甚至您的故鄉江西所在地將因為你而成為名地。\n------------------------------------------------------------------------\n狼4025@\n我在大學同學微信群裡轉發了三天傅的《洗腦的歷史》，結果被說我一把年紀，還這麼憤青，教育我過好自己就行了，不要對他們洗腦。哎！無語～～\n------------------------------------------------------------------------\n安陸反傳＠\n洗腦歷史幾千年，你同學們被洗腦也有幾十年，有些人正執著著呢，豈能因一本書就頓悟？《洗腦的歷史》是反洗腦的里程碑，反洗腦有歷史進步之天時、\n文化廢墟之地利、民智覺醒之人和。但想改變中國文化還需要幾代人。黨的死忠影響力在迅速下降，影響力永遠都是從高思維的一方向低思維的一方不斷傾瀉，《洗\n腦的歷史》在加速民智啟蒙、覺醒，我們可以做的就是加速傳播。\n------------------------------------------------------------------------\n台北二馬＠\n一路跟隨作者的博客文章識得西方宗教的真實本質、以及不得其門而入的中共國史，才驚覺，原來在台灣小島上的我們，也被政府一直屏蔽、洗腦著啊！恨此書太晚問世！', 8, 0, 0, 'http://cdn.kingstone.com.tw/book/images/product/20154/2015410227730/2015410227730b.jpg', NULL, NULL, NULL, NULL),
(80, 'book', '倦怠社會', 198, '《倦怠社會》\n「為什麼我們越積極行動，越陷入無止境的倦怠？」\n如果只擁有做事情的力量，而沒有不做事情的力量，\n人就像一顆不斷滾動的石頭，陷入無止境的過動、孤立及倦怠。\n「反省沉思」也變得遙不可及。\n◆這本60頁的哲學書，二○一○年在德國上市兩週，即銷售一空，引起軒然大波\n◆特別收錄韓炳哲教授在卡爾斯魯爾大學哲學系的演講稿\n◆商周出版編輯顧問林宏濤──撰寫中文版導讀\n◆過度積極肯定造成無止境的疲憊，使人孤立和隔離。未來的社會就成了倦怠的社會，雖然倦怠可以是「使彼此關係分裂的倦怠」，一種喪失做任何事的動力的倦怠，也可以是「基本的倦怠」，讓人寧靜和放鬆，因而開啟另一扇視窗。前者是「沒有能力做一些事」，而後者是「什麼都不做」，擺脫日常生活的擔憂，找回生命裡的空檔時間。──林宏濤／導讀\n這個時代正悄悄進行著典範變化，強調否定性的規訓社會退下，換上一個過度強調肯定性的功績社會。\n從這種典範變化中，作者韓炳哲描繪了現在社會的病理學樣貌──由神經性疾病主導，如憂鬱症、注意力缺陷過動症、邊緣性人格疾患、身心俱疲症候群。它們不是傳染性疾病，而是一種梗塞現象。\n這些現象並非肇因於免疫學上的「否定」他者，而是經由過度活躍的「肯定性」所引發的，因此能擺脫免疫科技的預防與防堵。韓炳哲的分析最終導向一種社會現象，他一語雙關地稱之為「倦怠社會」。\n這本哲學短論，以綿密細緻的辯證筆觸，刺激我們在過度積極的現代人倦怠中，看到另一幅寧靜的風景：找到「空檔」暫停一切，從「帶有目的性做事」的日子釋放出來，「一起倦怠」。\n我們是怎麼進入倦怠社會？\n‧過度工作和追求績效，使自我剝削的情形更加嚴重，這比外來者的剝削更加有效率，因為它與自由的感覺同時出現。\n‧剝削者，同時也是被剝削者；施暴者與受害者之間的區別，不再像過去一樣能清楚辨識。\n‧過度的積極正面也以過度的刺激、資訊和衝動表現出來，它徹底改變了注意力的結構和分配方式。感知也因此變得支離破碎、散亂而無法專注。\n‧憂鬱症是人們深受過度積極正面之苦所引發的社會疾病，而它反映的，正是自己對自己發動戰爭的人性。\n‧人們以過度的活動、歇斯底里的勞動和生產，來回應變得赤裸而極為短暫易逝的生命。\n‧沉思的生活，才能使人類處在應有的存在狀態，不是積極行動的生活。\n‧立即反應並隨著每個衝動而行動，已經是一種病態，一種墮落沉淪，一種精疲力竭的徵兆。\n‧若只擁有做事情的力量，而沒有不做事情的力量，就會導致致命的過動症。人如果只具備思考事情的力量，思考力就會分散在一連串無止境的事物上。「反省沉思」也會變得不可能，因為肯定的力量，也就是積極過度，只允許「持續不斷向前思考」。\n‧毫無節制地致力於效能提升，將導致心靈的壞死梗塞。\n‧深層的疲累鬆開了身分認同的箝制。\n‧基本的倦怠完全不同於筋疲力竭的狀態，在筋疲力竭的狀態中，人們喪失做任何事情的工作能力。基本的倦怠則被描繪成一種特殊能力，能「啟發」、讓「心靈」動起來。', 8, 0, 0, 'http://cdn.kingstone.com.tw/book/images/product/20154/2015400079639/2015400079639b.jpg', NULL, NULL, NULL, NULL),
(81, 'book', '那些你不解的行為，心理學家都有答案：明明被詐騙卻不承認，明明沒發生卻堅持「我記得」，why？\r\n                          Freudian Slips: All the Psychology You Need to Know', 221, '《那些你不解的行為，心理學家都有答案：明明被詐騙卻不承認，明明沒發生卻堅持「我記得」，why？》Freudian\nSlips:\nAll\nthe\nPsychology\nYou\nNeed\nto\nKnow\n人有三個我：自我、超我、本我；\n難怪．．．我會左右為難，不懂──\n◎為什麼鬧哄哄的派對上，我聽得到有人在角落小聲講我名字？\n◎同樣工作，薪水比較低的人，反而覺得這工作比較有意義。\n◎明明被家暴，卻替施暴者辯解，甚至說自己很愛他。\n◎有時候，你就是有預感，知道接下來會發生什麼事。\n◎鬼壓床，這是怎麼回事？（睡眠痲痹，意識醒了但身體還沒醒，自然現象啦）\n◎算命仙怎麼說得那麼準？\n這些日常生活中你不解的行為，心理學家其實都有答案。\n心理學、生物學、醫學與科學史兼修的作者喬爾‧利維（Joel\nLevy），特別整理多年研究心得，告訴我們精神分析大師佛洛伊德、行為學派始祖華生以及榮格、馬斯洛等知名心理學大師最重要的實驗結果與心理學發現。\n你會恍然大悟，原來很多你我不解的行為，心理學家都已經有了解釋：\n◎為什麼不能夠邊講手機邊開車？\n這不是拿不拿著手機開車的問題，心理學家證實，這時人會有「不注意視盲」現象，你根本看不到眼前冒出來的某些東西。光明正大混入人群卻沒被看見？不難辦到。\n◎跟別人說話的同時，遠處有人提到我的名字，為何我能聽見？\n這就是「雞尾酒會效應」，這不是超能力、也不是潛意識，而是「分心」，是大多數人的通病。\n◎有時候，我能預測接下來會發生什麼事。\n這種現象很普遍，並非超能力。而是新的經驗與既有記憶相似，但舊的記憶會重新建構和擴展，結果錯誤的與新事件相呼應，造成一種「似曾相識」效應。\n◎最疼愛我的奶奶過世了，但是葬禮上我為什麼不覺得悲傷？\n這就是「解離現象」，可能持續幾天甚至幾星期，因為你承受不了這種悲傷，更嚴重的人會失憶、甚至漫遊──跑到其他城市用另外一個身分重新生活。\n◎為什麼我老是夢到被人追趕？\n夢其實是一種刺激學習作用，讓人可以在大腦的虛擬環境中，預演求生的策略。為什麼夢境常常是負面情緒和被追趕的場景？因為這樣可以幫助我們面對危險和壓力。\n看過本書，你以後就能明白，身邊的人為什麼會出現某些「非理性」行為──其實不是不理性，而是人內心的盲點，這些心理學家都有解釋的：\n‧有些人只看偏激立場的談話性節目，他被這種節目誤導了嗎？\n其實不是，他的立場本來就偏向這種偏激觀念，因此只選擇看這種節目，這是為了防止「認知失調」的自然反應。不是節目對他洗腦了。\n‧大家都這麼做，所以我跟著做，這是同儕壓力嗎？\n不是。這是防衛機制中的合理化作用，簡單講，那些掰說「我是不得已的」，都是。\n‧為什麼大家覺得諾貝爾獎得主就有學問，可以談教育改革和政治議題\n這是一種月暈效應。老闆也常犯這種錯誤，就像認為理工科畢業的人就比較適合當主管，喜歡社交的人就適合當業務。\n‧明明是參與靈修，卻搞到家破人亡？\n因為他們陷入了團體迷思──人在一起成了一群，就會認為自己所屬的團體絕對正確，會因此刻意忽視、避免或排斥相對立證據。結果就是一起做錯事，從忽視日本即將偷襲珍珠港的證據，到靈修團體一起打死人，都是。\n‧為什麼人質最後竟然會愛上綁匪？\n這是斯德哥爾摩症候群，那些遭到家暴的婦女，替丈夫辯解，堅持自己還愛丈夫，希望暴力男免於刑責的，也是這種症候群。\n本書匯集了四大類、數十種常見、你卻誤以為很特殊的行為，這些讓人不解的行為，其實心理學家早有研究，都有解釋。你將更能了解自己和別人，聰明避開各種偏見和陷阱；也將對各種看似光怪陸離、千奇百怪的人類行為，產生同情與「淡定」的理解。', 5, 0, 0, 'http://cdn.kingstone.com.tw/book/images/product/20117/2011700059647/2011700059647b.jpg', NULL, NULL, NULL, NULL),
(82, 'book', '輕熟女的麵包與愛情', 395, '《輕熟女的麵包與愛情》\n本書特別精選《預見幸福─麵包愛情我都要》與《輕熟女幸福理財計畫》這兩本寫給現代女性們該如何找尋幸福的套書嘉惠讀者。我們讓您從本套書中，同時讓妳找到麵包與愛情外，也幫助妳打造輕熟女的理財計畫。\n《預見幸福─麵包愛情我都要》\n每個女人，都想尋找屬於自己的幸福，怎麼樣才算得上是幸福？擁有衣食無缺的生活？愛妳的男友？還是成為小富婆？其實幸福有時候很怪，當妳盯著遠處刻意\n追求的時候，幸福好像是一座海市蜃樓，讓妳的心中充滿了焦慮和不安；但是當妳放慢腳步，從內而外的一步步改變。妳會發現，幸福已經在妳身後的對妳微笑。\n《輕熟女幸福理財計畫》\n本書將女性在金錢或生活上的共同困擾，劃分為15個議題。每個議題皆以2～3則的真實案例來破題，讓大家不要重蹈覆轍或做出不妥的選擇。另外，在每個議題的結尾處提供相關的統計數據，以及一些理財忠告或建議', 6, 0, 0, 'http://cdn.kingstone.com.tw/book/images/product/20119/2011910193360/2011910193360b.jpg', NULL, NULL, NULL, NULL),
(83, 'book', '猶太人笑場人生', 190, '《猶太人笑場人生》\n猶太人數千年來，一直歷經亡國之苦、流浪各地、四處看人臉色，到處受到依附國的欺凌，因此在苦難中，他們培養出了一套獨特的處世哲學，其中幽默就是脫離痛苦的仙丹！消遣名人、修理自以為優越的人士，除了解氣之外，也為生活帶來一絲光彩……\n自古以來，名人跟笑話即有著密不可分的關係。\n幾乎可以這麼說―—笑話裡面如果沒有名人，是不可能存在的。\n第一、名人、政治家等社會傑出人士與權力者，老是被民眾以及大眾傳播媒體當成笑話的「靶子」。不管是否被憎恨，或被愛戴，只要是成為一個名人，就都免不了要被當成「笑柄」。\n第二、名人、政治家也非常的明白，為了引起民眾的注意，或攻擊政敵，或從絕地逃生，笑話乃是一種最為有效的手段。\n在絕妙的時機裏，說出富於機智的笑話，將使人對說笑者的人格，熱烈而瘋狂的鼓掌、喝彩。\n以下，介紹一個非常成功的例子―—\n一九六○年九月二十九日，英國首相麥克米蘭，在紐約的聯合國總部發表演講。\n他在演說時，死對頭的蘇聯頭子赫魯雪夫，把自己的鞋子脫了下來，叩叩地拍打桌子，藉此表達不滿，並也妨礙了麥克米蘭的演說。\n麥克米蘭適時發揮出英式的傳統幽默，以泰然自若的口吻說：\n「哪位仁兄，能幫我翻譯那句俄語呢……如果方便的話。」\n把絕妙的笑話留給後世的大師，首推―—林肯、邱吉爾、甘迺迪等最為著名。同時，他們的人品也受到了民眾的愛戴。\n所謂的「時事笑話」也者，往往跟當時的政治局勢具有密不可分的關係。聽笑話的人，對登場人物，以及當時的狀況越熟悉，笑話帶給他的滑稽以及痛快的心理，將激增兩三倍。反之，如果短缺那種背景的知識，則滑稽的程度亦將銳減。\n不過，產生笑料的質素都始終沒有消失。正因為如此，往昔的笑話名作，往往披上新衣裳，在現代類似的政治局勢中還魂。例如―—往昔的泰列蘭(法國革命時的大外交官)變成季辛吉，軍艦大砲卻變成了戰鬥機與飛彈等等。\n就算當事者已經死亡甚久，但是他所說的笑話也會越變越多。時至今日，我們所聽到的關於林肯的笑話，真正由林肯親口說出者，恐怕只有三分之一罷了！\n同時，名人笑話也跟黑色、禁忌的笑話一般，幾乎是沒有新的創作可言。以今日出自名人口中的笑話來說，幾乎都是在古代埃及巴比倫、印度、中國等等就已經被說過了，如今就只是登場人物不同罷了。當然高明的說故事者，會將時下風行的人事物、巧妙的穿插在其中，因此古老的東西，又以嶄新的面目問世了。\n有一位幽默大師，說出了很經典的道理―—\n笑話為古老的傑作，聽眾為年輕人，此種組合堪稱絕配。\n所以，我們所需要的，並非新笑話，而是新的聽眾！', 3, 0, 0, 'http://cdn.kingstone.com.tw/book/images/product/20185/2018560207515/2018560207515b.jpg', NULL, NULL, NULL, NULL),
(84, 'book', '不好的日子會讓好日子變得更好：單親媽媽走過喪子風暴', 198, '《不好的日子會讓好日子變得更好：單親媽媽走過喪子風暴》\n每年有越來越多的大陸留學生飛抵來台，然而他們在這塊陌生的土地上，學習生活卻少有人關心。2013年3月，陸生劉騰陽不明原因在宿舍結束了自己的生命，成了陸生在台自殺的首例。台灣各大媒體爭相報導，然而真相到底為何？直到一年過去，劉母才正式出版本書，道出第一手最真實的心情，展露了一位單親媽媽喪失獨生子的深切悲痛，以及無盡的思念。讀來令人動容。', 11, 0, 0, 'http://cdn.kingstone.com.tw/book/images/product/20185/2018551646835/2018551646835b.jpg', NULL, NULL, NULL, NULL),
(85, 'book', '人際關係心理學', 158, '《人際關係心理學》\n―—科技壓力、過度適應症候群、燃燒症候群、停止晉升症候群、晉升抑鬱症等等皆是與工作太過一體化、全心全力投注於工作而迷失自己的人，所易罹患的症狀。在這繁忙的社會中，上班族要如何與工作結合呢？\n―—男子氣概及女性氣質是先天具備的呢？還是後天培養的呢？另外，在現今社會，到底是男性、還是女性較容易生存呢？\n―—人在什麼時候容易喜歡上別人？相似類型與相反類型的情侶，究竟哪一種的搭配會比較能順利發展下去呢？\n―—在孩子自立後，才發覺沒有其他能結合自己與另一半的東西、夫妻反目離婚，諸如此類現代家庭種種問題的根源在哪裡？要如何去對應呢？\n―—心理學上有什麼技巧，可以改善人際關係呢？在什麼樣的場合，要使用什麼樣的技巧呢？對外人、對家人、對男人、對女人……\n近年來，科學技術的進步實令人驚歎不已，而我們的生活形式也隨著無時無刻地變化而感到有些混淆……\n所謂的變化或混淆，經常是帶著壓力的。而生存在這種不明確狀況下的我們，可說是不斷地置身在壓力之中。為了巧妙地應付壓力，如何與變動而無法預測的文化、他人及自己相處下去，已成為決勝的關鍵了。\n本書以自處、與他人相處、和工作融合的方法為中心，從心理學的觀點試著接近現代人的心理。只要戴上心理學的眼鏡，隔一步來眺望的話，有時反而能看到一些從未看到的東西。相信能對您的人際關係或是工作上、生活上的調適有所助益！', 14, 0, 0, 'http://cdn.kingstone.com.tw/book/images/product/20117/2011770988571/2011770988571b.jpg', NULL, NULL, NULL, NULL),
(86, 'book', '我這一生都比別人跑得慢', 196, '《我這一生都比別人跑得慢》\n所謂的幸福就是偏離正軌。\n被說長道短，正是你勇於承擔、不怕困難的最佳證明。\n有人說人生是一場競賽，在媽媽肚子裡就要聽貝多芬，還沒上小學便開始上才藝班，一上學又要不斷的補習補習再補習，彷彿只要落後一步，人生就會一蹶不振了。\n但，真的是這樣嗎?\n是的，我們都是人生的跑者，但是沒有終點也沒有賽道。我們還沒看到的世界，大到無法想像。只要記得「心之所向，乃為身之所往」，路不只一條，終點也不只一個。\n＂年少時我曾視錢財如糞土。在渾濁的塵世裡晃蕩了幾年後，現在的理想其實也差不多，我衷心希望一夜醒來，大家都視錢財如糞土。然後我神情肅殺，毅然戴上墨鏡和口罩，應聘掏糞工去。＂本書的作者以他一貫的懶散態度調侃自己，調侃這個世界，用輕鬆詼諧的言語讓沉重不堪的社會變得有趣。\n本書特色\n85個忽悠自己的小故事', 11, 0, 0, 'http://cdn.kingstone.com.tw/book/images/product/20185/2018551708632/2018551708632b.jpg', NULL, NULL, NULL, NULL),
(87, 'book', '兒童音樂療法', 132, '《兒童音樂療法》\n本書從音樂療法的歷史，循序漸進地介紹音樂療法的原理、實況、現代生活與音樂療法的關係，以及個人如何運用「音樂處方」來消解焦躁的生活壓力，面面俱到引領讀者進入音樂療法的世界。v', 10, 0, 0, 'http://cdn.kingstone.com.tw/book/images/product/20199/2019900009790/2019900009790b.jpg', NULL, NULL, NULL, NULL),
(88, 'book', 'dtv 心理學百科（一）──總論、方法與生理範疇\r\n                          dtv-Atlas Psychologie Band 1', 356, '《dtv\n心理學百科（一）──總論、方法與生理範疇》dtv-Atlas\nPsychologie\nBand\n1\n史上最權威圖解百科出版社dtv全世界家庭百科的NO.1，圖解界的典範dtv-Atlas銷售破20,000,000冊，20餘種語文版最完善的心理學圖解百科，心理學必備工具書最基礎的知識\n+\n最科學的方法從中學、大學到研究所，一生求知求學最實用的工具書五大特色：■頂尖學者撰文，專業繪者繪圖，複雜知識的系統化整理。■內容詳盡且完備，架構清楚，體例統一，文字簡潔，標示明晰，一目暸然。■圖解包括具象描繪與抽象詮釋，與文字說明相互輝映，是研究人類行為最聰明的策略。■涵蓋心理學各領域，介紹多樣化的現象及研究方法，是一套有次序的導覽。■專業術語對照、重要概念解釋、參考文獻與上下冊索引，便於入門理解與查閱。「dtv-Atlas圖解」系列是dtv（Deutscher\nTaschenbuch\nVerlag）出版社扛鼎之作，出版宗旨在於以精鍊的文句、易懂的圖像、獨特的表述形式來詮解各門學科，從數學、物理、化學、心理學，到哲學、歷史、文學、音樂、建築，方便案頭翻閱、攜帶查詢，是家庭百科首選。自1964年問世以來，譯為20種語言，銷售破20,000,000冊。心理學以探究人類心智為其首要目的，不論何謂心智、心智起源、人類和環境交互作用、成長、教育、基因皆是心理學討論內容。基於對「人」的關注，柏拉圖、亞里斯多德以降，實驗、社會、知覺、認知、神經心理學家等試圖發展出不同方法，以探究人類心智。因此，綜觀心理學各門學理，始能解碼複雜的人類心智。心理學可說是人類經歷和行為之科學，致力於研究決定人類知覺、思考、感覺和記憶的條件。雖然實際上應該是研究「與日常生活有關的事」，但因心理學已衍生出許多分支和學派，在這方面的發展也就隱含了重重困難。這二冊一套的《dtv心理學百科》，是涵蓋心理學各領域的專門書籍，提供此領域中多樣化的現象及其研究方法，是一套有次序排列的導覽。dtv百科系統維持一貫的是，每個單元都包含詳細且精彩的內容解說，與彩色圖解的具體呈現；圖文並陳的系統以兩頁為一個單位，左頁是彩色的圖像，右頁則是詳細的文字解說。這種方式在心理學中已證明是相當有幫助的，特別是應用在說明人類行為方式的圖解上。第一冊在入門導引之外，還包括以下章節：專業術語、理論沿革、方法學、統計學，以及神經、知覺、記憶、學習、活動、認知、溝通和情緒心理學，並附有索引。第二冊則包括：性格、發展、社會、群眾、環境及動物心理學，還有心理診斷學，以及臨床上的、應用性的和文化的心理學，全書有一個按英文字母順序排列的相關概念說明、參考文獻。', 7, 0, 0, 'http://cdn.kingstone.com.tw/book/images/product/20117/2011700049280/2011700049280b.jpg', NULL, NULL, NULL, NULL),
(89, 'book', '有關心理的100個現象', 190, '《有關心理的100個現象》\n心理學是幫助人們瞭解自身，洞察人生、解釋行為的一門實用科學。從古至今，認識自我都是一個重要話題。在古希臘阿波羅先知所在地──阿波羅神殿裡，刻著一句雋永的箴言：「人，認識你自己。」當然，認識自我並不是一件輕而易舉的事情；古希臘聖人泰勒斯認為，人活在這個世界上最困難的事情就是認識自己。\n心理常識與人們的日常生活息息相關。人的行為和決策背後往往蘊涵一定的心理動機。不同性別、年齡、職業的人，都無一例外可以有效地利用心理學相關知識為自己服務。譬如，運用心理學知識，有效地疏導自己的負面情緒，坦然面對人生中的心理危機，保持健康的心理狀態；商家分析顧客消費心理，制定有針對性的行銷策略；教師要瞭解教育心理學，以對不同的學生因材施教；學生用心理常識化解成長過程中遇到的問題和困惑，健康快樂地成長等。\n你知道畢馬龍效應是如何運作的？什麼是情感宣洩定律？錯覺是怎麼產生的？你知道人的氣質分為哪些類型嗎？大腦是如何記憶的？什麼是人際交往中的留面子效應？和本書一起去探險吧！', 3, 0, 0, 'http://cdn.kingstone.com.tw/book/images/product/20117/2011700050859/2011700050859b.jpg', NULL, NULL, NULL, NULL),
(90, 'book', '嫉羨和感恩', 435, '《嫉羨和感恩》\n在精神分析史上，梅蘭妮‧克萊恩被譽為繼佛洛伊德後，對精神分析理論發展最具貢獻的領導人物之一。本書收錄了梅蘭妮．克萊恩從1946年以後到1960年過世之前的著作，也包括了在1963年她辭世以後才出版的未完成作品。這些是克萊恩畢生中最重要的文獻，也是其著述的高峰。\n在〈對某些類分裂機制的評論〉一文中，克萊恩引介了偏執-類分裂心理位置的概念，她主張嬰兒從一開始就具有自我，能夠經驗焦慮、形成關係，並且使用防衛的機制，這樣的自我大部分尚未整合，而且在焦慮的刺激下，容易被強力的分裂機制所分裂而碎裂化。這個心理位置是精神分裂相關疾病的固著點。\n偏執-類分裂心理位置及憂鬱心理位置是克萊恩所創的最重要概念，本書中的其他論文，都是她在此新理論概念下的著作，顯示了這樣的架構如何擴展而且深化了她的視野。有些是關於技術的，有些探討了比較廣泛性的精神分析主題。兩篇她在過世前寫的未完成論文顯現了一種反思，並且涉及了更廣泛的議題。\n在〈嫉羨和感恩〉中她引介了新的觀念：嫉羨在生命初期即已運作，也是死之本能的最初表現；嫉羨與感恩是相衝突的，在偏執-類分裂心理位置運作的嫉羨，是精神病理的強力因素。在精神分析著作中一向都強調嫉羨的重要性，例如佛洛伊德發現的陰莖嫉羨，但是，克萊恩對於嫉羨的概念完全是革命性的。\n今日大部分的分析師視克萊恩所述的早期客體關係為當然，許多分析師甚至使用她的發現與概念而不知其淵源。她的許多思想已經被納入主流精神分析的思維當中，且仍在世界各地增長中，其著作的啟發性與重要性是不容置疑的。為了向這位無與倫比的兒童精神大師致敬，心靈工坊將陸續推出《克萊恩全集》，全套四本，完整呈現一代大師的實務及理論精隨。喜歡心理分析的讀友，絕對值得珍藏！', 8, 0, 0, 'http://cdn.kingstone.com.tw/book/images/product/20117/2011700045602/2011700045602b.jpg', NULL, NULL, NULL, NULL),
(91, 'book', '分心不上癮：如何保有線上生活，卻免於家庭失和、同事臭臉、靈魂墮落\r\n                          The Distraction Addiction', 277, '《分心不上癮：如何保有線上生活，卻免於家庭失和、同事臭臉、靈魂墮落》The\nDistraction\nAddiction\n上網無罪，分心有理？\n當你抬起你的頭來──才能體會什麼是當下。\n◆\n【你有分心上癮症嗎？】\n‧檢查電郵時，你會屏住氣嗎？\n‧你開始覺得維繫上網生活很像在工作？\n‧生活中的類比式活動（種花、烹飪、繪畫）占比愈來愈少？\n‧明明是家庭聚餐，卻沒人交談，只專心滑手機？\n‧不論是走路還是下樓梯，眼睛都離不開手機？\n是你駕馭了科技？還是科技駕馭了你？\n◆\n社會評論家\n王乾任\n國立彰師大輔導與諮商學系（所）教授／台灣心靈健康資訊協會理事長\n王智弘\n富邦文教基金會執行董事\n陳藹玲\n網路趨勢觀察家\nMr.6劉威麟\n專心推薦！\n◆\n現代社會的大哉問──\n活在愈來愈忙、愈來愈容易分心的世界裡，我們還能好好過日子嗎？\n我們周遭滿是這樣的人：有人簡訊成癮，臨睡前不忘發最後一則訊息，等紅綠燈時也要抓緊時間line一下。還有人，就算吵得臉紅脖子粗仍要接電話，甚至邊聽布道邊看臉書。但是我們自己也沒好到哪裡去。誰沒做過以下這些事呢？邊吃晚餐、邊看電郵，屏氣凝神等待電子信箱開啟，甚至坐在電腦螢幕前忘了起身。\n行動裝置和網路已經侵入了我們的生活。這本創意非凡的書，試圖回答我們這個時代最迫切的一個問題：我們能夠既和世界保持連結，又不會減損才智、專注力和生活能力嗎？我們能魚與熊掌兼得嗎？\n方洙正（Alex\nSoojung-Kim\nPang）是美國史丹佛大學的知名科技大師。對於這個問題，他的回答是「可以」。《分心不上癮》充滿了精彩的調查、有力的研究和重要的建議。從輕鬆等候臉書重新整理，到發揮創意暫時擺脫數位沉迷，這本書將告訴我們如何關機又知天下事。', 5, 0, 0, 'http://cdn.kingstone.com.tw/book/images/product/20131/2013120318922/2013120318922b.jpg', NULL, NULL, NULL, NULL),
(92, 'book', '一次讀完15位心理學大師經典講義', 198, '《一次讀完15位心理學大師經典講義》\n人的性行為經常是他對生活其他反應的模式，如果一個男人贏得他所愛對象時，表現的鍥而不捨，那麼再追求其他目標也會同樣不屈不撓。', 9, 0, 0, 'http://cdn.kingstone.com.tw/book/images/product/20101/2010160006505/2010160006505b.jpg', NULL, NULL, NULL, NULL),
(93, 'book', '受傷的醫者', 253, '《受傷的醫者》\n人生苦難、適應困難及由此氾生的情緒、行為問題，必然曾是大師們創見、洞見的一個重要源頭。就此一意義而言，他們原來就都是「受傷的醫者」，他們「救人」先是為了「救己」……\n──林克明《受傷的醫者》\n當走到生命貧乏處、被迫直視心靈傷口時，研究人類心靈的大師們會怎麼做？\n醉心於人文思考的精神科醫師林克明，在接觸心理學之始，便是為了解開對人生的困惑。他試圖從傳記中尋找大師的人生智慧，卻驚訝地發現，這些所謂的「心理治療大師」，他們的人生其實滿布荊棘，或有童年創傷，或有成長挫折；成年後時常懷才不遇，事業發展一波三折。他們也許堅毅、進取、百折不撓，但當生命轉落困境時，也與我們同樣徬徨、沮喪、舉止無措；而憤怒、激情、勾心鬥角等人性面貌，更是經常上演的劇碼。\n在《受傷的醫者》中，林克明記錄了心理治療界的大師生平、人生轉折、走上探索心靈祕境的原因、彼此從惺惺相惜到分道揚鑣的轉折歷程，清楚刻畫深刻的人性糾結。在作者筆下，大師們不僅是專業領域的典範，更是有血有肉、是非禍福懸於一念的凡人。經由這樣的「近身觀察」，我們得以藉其經驗反思己身，從苦難困頓中學習，走出自己的生命格局。', 10, 0, 0, 'http://cdn.kingstone.com.tw/book/images/product/20117/2011700060506/2011700060506b.jpg', NULL, NULL, NULL, NULL),
(94, 'book', '論文明', 204, '《論文明》\n早在二十世紀上半葉，權威人士就指出：在未來社會裡，精神問題，心理疾病將成為威脅人類健康的頭號殺手之一。現在看來，以上說法並非危言聳聽。自人類社會步入二十世紀以來，科技進步日新月異，物質財富空前豐富，人們的生活水平也普遍提高。但同時，生存競爭日益殘酷，人們所承受的心理壓力也逐漸加重。這就給心理疾病提供了賴以滋生的土壤！', 4, 0, 0, 'http://cdn.kingstone.com.tw/book/images/product/20117/2011700036617/2011700036617b.jpg', NULL, NULL, NULL, NULL),
(95, 'book', '少女杜拉的故事：75位藝術大師與佛洛依德聯手窺視她的夢', 300, '《少女杜拉的故事：75位藝術大師與佛洛依德聯手窺視她的夢》\n解析夢、潛意識，以及家庭情感如何影響性心理！\n75位藝術大師與佛洛依德聯手窺視她的夢\n18歲少女的夢境語言．赤裸裸大解密\n繼精神分析鉅著《夢的解析》之後，佛洛依德又一震驚世人的臨床報告。\n一位18歲少女，她的神經質舉動，她的自白，她稀奇古怪的夢境，究竟代表什麼樣的意涵？讓我們與75位藝術大師聯手，直探杜拉心靈的幽微秘境。\n你相信，做夢是性欲衝動的變相滿足嗎？\n你知道，人的那一座精神冰山，絕大部分都冰封在潛意識層裡嗎？\n佛洛依德在詭秘莫測的精神夢境中，勾勒出杜拉對自己身體的憂鬱。走進《少女杜拉的故事》，窺視杜拉「伊底帕斯情結」的怪異表現，以及家庭情感關係變化如何對一個少女的性心理發育變異，產生難以想像的後果。\n當你從這個「故事」走出來的時候，也許你會由杜拉聯想到你自己、你的親人朋友，聯想到你生活周遭的少男少女和許許多多的人。\n潛意識學說和釋夢觀念，是佛洛依德最重要的理論發現。他承認他的精神分析法，是一種「神話」，是由臨床經驗推想出來的一系列假設。但令人關注的事實是，佛洛依德開啟了西方學術研究領域的心理學時代，他是上個世紀國際學術界最具影響的人物之一。\n這本《少女杜拉的故事：75位藝術大師與佛洛依德聯手窺視她的夢》，不僅是一篇專業的病變心理學報告，還被佛洛依德的敘述語言變成一部文學作品，赤裸裸剖析這位18歲少女，不為人知、甚至連她自己都不知道的夢境語言。而這令人驚異的夢境語言，正是我們那一座座精神冰山深層心靈的解密。', 6, 0, 0, 'http://cdn.kingstone.com.tw/book/images/product/20117/2011750085450/2011750085450b.jpg', NULL, NULL, NULL, NULL),
(96, 'book', '心理學導論(姜.留.危.余)', 450, '《心理學導論(姜.留.危.余)》\n長久以來，人們基於自我認識的動機，對心理學總是充滿好奇與興趣。藉由本書的帶領，即使過去未曾接觸相關專業書籍的讀者，都能夠輕鬆地走入心理學的世界。\n本書作者皆為教學經驗豐富的大學專業師資，所選取的主題兼顧學術意義與實務價值。首先，讀者將會認識基本的感覺、知覺歷程，以及學習、\n記憶、思考等認知歷程。\n其次，讀者將會探索人格與社會情境如何交錯地影響實際行為。有鑑於心理健康的重要性，本書將探討壓力、精神疾病等主題，並且引導讀\n者認識心理治療的效果。\n附錄提供進一步瞭解及評價心理學研究的基礎，更是有志於繼續進修者應當詳讀的內容。無論讀者想要尋求自我認識、專業成長，或者解答\n生活當中的疑難雜症，本書都是不可或缺的工具。', 2, 0, 0, 'http://cdn.kingstone.com.tw/book/images/product/20117/2011700056271/2011700056271b.jpg', NULL, NULL, NULL, NULL),
(97, 'book', '心理學(鄭.陳.危.留)', 612, '《心理學(鄭.陳.危.留)》\n這本書主要的容在於介紹心理學的重要領域與研究成果，主題的選擇參考了一般心理學課程的進行與作者自身教授心理學課程數年的經驗。', 1, 0, 0, 'http://cdn.kingstone.com.tw/book/images/product/20117/2011700056141/2011700056141b.jpg', NULL, NULL, NULL, NULL),
(98, 'book', '敘事心理與研究－自我、創傷與意義的建構', 344, '《敘事心理與研究－自我、創傷與意義的建構》\n本書旨在介紹心理學中敘事取向的原理、方法及應用。\n主要分為三個部份：\n１.自我認同的原理。\n２.應用敘事的方法來發現自我。\n３.應用在研究心靈創傷情況下的自我。\n由介紹原理，進入全盤介紹敘事方法，更進一步鼓勵讀者把這些原理應用到自己的自傳上。最後則使用自種心理或者創傷的個案研究來闡釋其原理。', 0, 0, 0, 'http://cdn.kingstone.com.tw/book/images/product/20117/2011700043318/2011700043318b.jpg', NULL, NULL, NULL, NULL),
(99, 'book', '心理衛生(邱)', 423, '《心理衛生(邱)》\n「心理衛生」是一門涵括甚廣的科目（或工作），從個人開始，由內而外，包含家庭與人際、社區與工作、環境與國家政策，最外環是全球事件。本書以這樣的模式\n鋪陳，談到心理衛生的身（以及物理環境）、心、靈、與社會等面向，不只兼顧到個人身體與心理、社會與靈性（與宗教）層面的健康，也提醒相關政策擬定與機制\n在一般民眾「心理衛生」所應該負責的區塊。\n「健康」是一個「持續性」的概念，而不是「全有」或「全無」，因此本書除了健康的「正向」工作（如「維護」）之\n外，也顧及另一方面的「失能」（如「預防」與「治療」），但是基本上較著重在前者，而現代人所置身的科技社會與全球化趨勢，自然也必須納入考量。', 6, 0, 0, 'http://cdn.kingstone.com.tw/book/images/product/20117/2011700056301/2011700056301b.jpg', NULL, NULL, NULL, NULL),
(100, 'book', '人生三路向：宗教、道德與人生', 245, '《人生三路向：宗教、道德與人生》\n我不能死。我若死，天地將為之變色，歷史將為之改轍。——他的狂放三軍可奪帥也，匹夫不可奪志也。——他的傲骨為往聖繼絕學，為萬世開太平。——他的追求吾曹不出如蒼生何。——他捨我其誰的社會責任感和使命感他就是“富貴不能淫、貧賤不能移、威武不能屈”的梁漱溟。本書是對梁漱溟關於宗教、道德與人生問題研究的一次全面梳理。由梁漱溟先生的哲嗣梁培寬先生親自輯錄審定。梁漱溟以儒家思想為基本價值取向，畢生追尋人生的真味。他對人性生動立體的剖析和對人生全面透徹的解讀，無不體現了一代國學大師的卓絕智慧；他自由無束縛的思想和開豁通達的人生觀，在經歷了近一個世紀的今天，仍然閃閃發光，給今天的人們以極大的啟示。', 15, 0, 0, 'http://cdn.kingstone.com.tw/book/images/product/20136/2013610012569/2013610012569b.jpg', NULL, NULL, NULL, NULL),
(101, 'book', '貴人多旺事', 174, '《貴人多旺事》\n每個人都希望工作順遂，在職場上更上層樓。也許你已經夠努力了，也付出所有的力量，但失敗卻如影隨行。其實不是你笨也不是懶惰，而是沒有發現職場的貴人，助上一臂之力。職場貴人需要我們努力尋找、尋找。從下屬、同仁、甚至對手中發現你的貴人，讓你的職涯更光明、順利。作為一位成功的企業領導者，就必須樹立起一個觀念：「一個成功的企業絕不是你一個人就能創建的。」無論你是一個技術天才，還是一個管理天才，你都不可能僅憑著自己的單槍匹馬去創立一個一流的企業，你必須求助於你的助手、你的下屬、你的員工以及其他專家等。本書集結古今中外的小故事，為你在發現職場人的征途中指點迷津，也教你找貴人，別忘防小人。本書特色常言道「一個籬笆三個樁，一個好漢三個幫」，如果說社會是一張網，那麼交織點就是由人組成的，我們把它稱之為人脈，貴人就是人脈中承上啟下的交織點。沒有貴人，你的「網」就無法伸展，沒有貴人幫助，一個人將難有大的作為。\n正如魯迅先生所言：「這世上本沒有路，走的人多了，也便成了路。」與其打著燈籠去尋找黑夜中的路，還不如踩著成功的足跡往前跑。那些開路的先驅就是我們人生旅途上的貴人。貴人成功的故事和經驗或許不全都適用你，但只要你有所感悟，有所啟發，那就將變成你一生的財富，取之不竭，用之不盡。\n本書於為你在職場上尋找貴人的征途中答難解疑，指點迷津，並且教你防小人，希望對你提升事業格局有所幫助。', 14, 0, 0, 'http://cdn.kingstone.com.tw/book/images/product/20117/2011770780083/2011770780083b.jpg', NULL, NULL, NULL, NULL),
(102, 'book', '生命是個面紙盒', 225, '', 2, 0, 0, 'http://cdn.kingstone.com.tw/book/images/product/20117/2011700054437/2011700054437b.jpg', NULL, NULL, NULL, NULL),
(103, 'book', '心理學的詭計', 221, '《心理學的詭計》\n【本書是心理學的智慧寶典，是為人處世、贏得人生的指南。】\n在無形的操控中讓人無法抗拒的攻心妙計，讓你在最短的時間內立足職場，透過縮短與對方的心理距離，輕鬆讓同事為你賣命！\nFighting！教你成為看穿對方心機的超夯人氣王！\n現實生活中，我們難免會遇到各種心理誘惑，一時失去理智，便會掉進人性的陷阱。我們還常常會遇到一些難以處理的事情和局面，可掌握了心理戰術與謀略，你就可以時刻以清醒的頭腦來分析和看待事物，發現現象背後的祕密，從而順利避開地雷區，巧妙化解尷尬場面，解除自身危機。\n贏得人心與好人緣的絕佳密技：\n◎將心比心，換位思考\n◎以心交心，互惠互利\n◎嘴上留情，腳下有路\n◎步步為營，出奇制勝\n◎借力打力，坐收漁利\n玩轉心計‧偷人心\n我們做人也好，做事也好，不僅要憑自己的誠意和能力，還要有眼力和心計，學會掌控主動權，避開心理陷阱，走出心理誤區，發揮優勢和自身影響力，才能順利地落實自己的計畫，獲得事業上的成功、生活上的幸福。\n《孫子兵法》有云：「知己知彼，百戰不殆」，把握住自己的方向，清晰地瞭解對方，就能在人際交往中無往而不利。\n本書在點撥心理智慧的同時，融趣味性、哲理性、實用性為一體，為你揭開智慧的神祕面紗，指出成功的方向。', 8, 0, 0, 'http://cdn.kingstone.com.tw/book/images/product/20117/2011771045426/2011771045426b.jpg', NULL, NULL, NULL, NULL),
(104, 'book', '成人發展與老化', 504, '《成人發展與老化》\n本書旨在以一種可讀性強、同時又具綜合性和科學性的方法，鼓勵學生從行為觀的角度去思考成人發展與老化的問題。書中介紹了針對當前心理學領域中主要問題而提出的主要理論和發展的研究，另外，本書也提供了個體發展的一些社會和生物學方面的背景，這些背景對於理解行為如何隨年齡而變化是至關重要的。而本書採用年表式和考題式研究相結合的方式，來敘述成人發展研究。', 4, 0, 0, 'http://cdn.kingstone.com.tw/book/images/product/20117/2011730173184/2011730173184b.jpg', NULL, NULL, NULL, NULL),
(105, 'book', '現代心理學詞彙A Glossary of Psychology', 576, '《現代心理學詞彙A\nGlossary\nof\nPsychology》\n本詞彙集由香港中文大學心理學系蒐集心理學常用英語詞彙一萬六千多個，並予以中譯，冀能提供標準翻譯，以方便華文地區的學者、學生和讀者參考。所收詞彙涵蓋心理學各個領域，如臨床心理學、社會心理學、認知心理學、統計心理學及心理藥物等；更包羅內地、香港及台灣的用語，涵蓋面極廣。詞條按英文字母順序排列，讀者查考容易；書末附有中文詞彙索引，供讀者翻查原英文術語之用。', 13, 0, 0, 'http://cdn.kingstone.com.tw/book/images/product/20117/2011700052433/2011700052433b.jpg', NULL, NULL, NULL, NULL),
(106, 'book', '當村上春樹遇見榮格：從《1Q84》的夢物語談起', 356, '《當村上春樹遇見榮格：從《1Q84》的夢物語談起》\n「日本第一流小說家」\n「日本首席榮格心理分析師」的精彩交鋒！\n日本作家村上春樹的小說《1Q84》上市12天狂銷百萬冊，刷新日本紀錄。他本人更是屢次問鼎諾貝爾文學獎，書迷遍及全球。\n為什麼村上的小說如此迷人？他到底寫中了現代人心中的什麼？身為村上書迷的榮格心理學者河合俊雄，嘗試以心理學來探究這個問題。\n河合俊雄說：「榮格心理療法的世界重視夢與意象，許多時候與現實或常識是不相同的。這和村上春樹所描繪的事物非常呼應。」而做為村上春樹的讀者，往往能經由流暢易讀的小說進入與現實不同的次元，觸碰到人們共同的基底而轉化自己，這或許就是其作品魅力所在。\n在《1Q84》裡，急著脫離高速公路塞車、趕赴任務的主人公青豆，決定聽從計程車司機的建議，從消防梯下降到地面。下車前，司機意味深長地說：「不要被外表騙了，現實經常只有一個。」但當青豆回到地面，卻進入另一個「現實」：月亮有兩個、警察配槍變了……《1Q84》自此往返於「超越性」與「人間現實」之間，開啟了壯闊的冥想。\n繼承父親河合隼雄的衣缽，河合俊雄以榮格派心理學與歷史視野，從故事／夢境內在的角度，解析《1Q84》及《黑夜之後》、《發條鳥年代記》等不同時期村上作品，並援引夏目漱石的作品等日本小說作為參照，步步推敲出《1Q84》跨越後現代性的精神內涵。\n透過本書，你將在日本首席榮格心理分析師的詮釋中，發現日本第一流小說家佈局中的心靈厚度與力量！', 9, 0, 0, 'http://cdn.kingstone.com.tw/book/images/product/20186/2018611211362/2018611211362b.jpg', NULL, NULL, NULL, NULL),
(107, 'book', '幽默心理學－思考與研究', 436, '《幽默心理學－思考與研究》\n本書作者透過對中國傳統文化的分析，結合幽默理論，指出幽默在中國文化中的位置、中國人鄙視幽默的原因，並與兩岸三地的學生進行幽默態度的調查研究，了解他們對幽默態度的認知。作者強調幽默與創造力的關係，指出青年人若能努力開發自己的幽默潛能，便能加強自己處理複雜問題的應變能力，使個人擁有更積極和健康的自我認知能力。本書還附有多個幽默相關的研究，並收錄有幽默相關量表及測試，有助家長、教育界人士，以至對此課題有興趣的讀者更了解掌握幽默感的重要性。', 4, 0, 0, 'http://cdn.kingstone.com.tw/book/images/product/20149/2014900113751/2014900113751b.jpg', NULL, NULL, NULL, NULL),
(108, 'book', '健康飲食好心情', 190, '《健康飲食好心情》\n良好的生活習慣，正確的營養知識，開心的享受美食，\n心情好情緒佳，身體健康最重要！\n●妹妹已經瘦成紙片人還想減肥，整天沒精神，月經也好久沒來了…\n●我總是靠吃大餐來紓壓，但吃完有罪惡感立刻吐掉，越來越沒法控制…\n●媽媽怕胖白天不吃，半夜卻餓得起床吃宵夜，結果越減越胖好沮喪…\n你是否常把「我太胖了！」、「我要減肥！」掛在嘴邊，時時注意攝取熱量的多寡，但壓力一來又忍不住大吃，事後懊悔不已？\n包含厭食症、暴食症、嗜食症在內的飲食障礙症，與情緒、個性、同儕壓力、自我形象等心理狀態有密不可分的關係。但許多患者往往先求助腸胃科、婦科，不知道問題的癥結在於心理層面，而錯失治療黃金時期。\n飲食障礙症對生活影響巨大，嚴重的厭食症甚至有生命危險。本書是第一本以本土案例介紹飲食障礙症的專書，作者曾美智醫師是國內飲食障礙症研究的先驅，她詳細介紹飲食障礙症的特徵、高風險群、病程，治療，並提醒讀者要如何預防。\n飲食障礙症患者看起來與一般人無異，但內心卻充滿衝突與痛苦，需要旁人更多的關心和理解。雖然治療就像馬拉松長跑，但只要堅持不懈，擺脫厭食、暴食惡夢，重拾身心健康，指日可待！\n本書重點\n◎臺大醫院精神部主治醫師的專業權威，提供正確的相關知識，以深入淺出方式，針對患者的常見疑惑，完整加以解說。宛若醫師親自在你面前，娓娓為你解惑，是實用可親的居家必備健康叢書。\n◎在臺灣，包含厭食症、暴食症與嗜食症在內的飲食障礙症患者，有逐漸增加的趨勢。但由於大眾對飲食障礙症的認識不多，一開始總是求助腸胃科、婦科，卻不知這其實是精神疾病。透過醫師輕鬆又專業的解說，充實對於飲食障礙症的認識，有助於及早預防，守護你我的精神健康！', 11, 0, 0, 'http://cdn.kingstone.com.tw/book/images/product/20141/2014150367614/2014150367614b.jpg', NULL, NULL, NULL, NULL),
(109, 'book', '信念決定一切', 89, '《信念決定一切》\n日語學習班開學報名時，來了一位老者。「給孩子報名？」登記小姐問。「不，自己。」老人回答。小姐愕然。老人解釋：「兒子在日本找了個媳婦，他們每次回來，說話嘰哩咕嚕，我聽著焦急。我想聽懂他們的話。」「您今年高齡？」小姐問。「\n68\n歲。」「您要聽懂他們的話，最少要學兩年，可兩年以後您都\n70\n歲了！」老人笑吟吟地反問：「姑娘，你以為我如果不學，兩年後就是\n66\n歲嗎？」', 5, 0, 0, 'http://cdn.kingstone.com.tw/book/images/product/20117/2011700055199/2011700055199b.jpg', NULL, NULL, NULL, NULL),
(110, 'book', '心理學導論(增訂三版)', 396, '《心理學導論(增訂三版)》\n法國思想家巴斯卡說：「人是會思考的蘆葦。」人類最可貴之處，即在於對自身或他人的心理與行為有尋求瞭解的好奇心。「為什麼一樣米養百樣人？」「為什麼背得滾瓜爛熟的課文，隔天卻忘了一大半？」「EQ真的有用嗎？」「沒有衝突的婚姻是完美的嗎？」「看心理醫生有用嗎？」……心理學是研究人類行為與心理歷程的一門科學，學習心理學有助於瞭解、預測與同理人們的心理與行為。本書首先從歷史發展的觀點簡介各心理學派的理論，並透過言簡意賅、生動活潑的文字，帶領讀者認識重要的心理學議題，以及主要心理學家的思想主張與其重大影響。本書提供新近的研究資料與生活實例，是學習心理學的最佳入門書。', 15, 0, 0, 'http://cdn.kingstone.com.tw/book/images/product/20117/2011700059197/2011700059197b.jpg', NULL, NULL, NULL, NULL),
(111, 'book', '心理與教育統計學(修訂三版)', 522, '《心理與教育統計學(修訂三版)》\n「心理與教育統計學」是心理學門與教育學門研究領域中，基礎方法學的課程之一，亦是一門「學習如何以簡馭繁」的科學。本書作者藉由深入淺出的文字、難易適中的範例，詳細介紹本書的三大系統知識：描述統計、推論統計和實驗設計，並透過透過重點提示、範例說明、電腦習作與報表解讀、摘要整理、自我測驗等單元設計，讓讀者對各種常用的統計工具，都有完整而明確的概念。本書除能有效奠定量化研究能力的基礎外，更可作為日後學習進階統計學的準備，讓統計學協助您掌握心理學第一手的研究結果，成為您無往不利的左右手。', 13, 0, 0, 'http://cdn.kingstone.com.tw/book/images/product/20117/2011710003968/2011710003968b.jpg', NULL, NULL, NULL, NULL),
(112, 'book', '療癒親密關係，也療癒自己：情緒取向創傷伴侶治療\r\n                          Emotionally Focused Couple Therapy with Trauma Survivors: Strengthening Attachment Bonds', 284, '《療癒親密關係，也療癒自己：情緒取向創傷伴侶治療》Emotionally\nFocused\nCouple\nTherapy\nwith\nTrauma\nSurvivors:\nStrengthening\nAttachment\nBonds\n什麼是創傷經驗中無助、孤立與背叛的解藥？\n舉世公認婚姻治療大師蘇珊．強森博士相信，\n每個人都能成為面對創傷與恐懼的英雄\n創傷，可能來自過往的經驗，如童年受虐，\n或是當前面對的考驗，如身心疾病、失去摯愛、職業創傷……\n面臨排山倒海的恐懼與無助，如何舒緩焦慮，創造彈性，走出困境？\n本書結合依附理論、創傷研究和情緒取向治療技巧，\n揭開療癒自己與所愛之人的神奇力量。\n危機和痛苦的時刻提供了重要的學習與成長機會。\n我與創傷伴侶工作的最主要原因是：我在過程中覺得被吸引，深感著迷。正因為創傷伴侶有極端痛苦的循環、強烈的情緒和令人動容的需求與恐懼，他們教導我們關於人類依附本質、改變過程的步驟，以及使這個過程成為可能的各種方法。\n當你面臨排山倒海的恐懼與無助，有人在身邊，一切都將有所不同，不要獨自在黑暗中，與他人連結會讓我們更堅強。──蘇珊．強森博士\n在親密關係中，每個人都可以在伴侶的懷抱中療癒，再也不需要獨自承受痛苦。──劉婷博士（美國Drexel大學伴侶與家族治療研究所助理教授）\n讀者需求：「台灣的離婚率，10年來已經迅速增加80%，從2011年的亞洲第一，成為世界第三。」（根據2013台灣監察機構報告指出，台灣去年有近6萬對夫妻離異，等於每10分鐘就有一對怨偶在戶政事務所辦離婚）。\n大師地位：美國西北大學醫學院臨床心理學家黃維仁博士讚譽本書作者蘇珊．強森博士是「婚姻治療的天才」，這位當今舉世公認的婚姻治療大師創立的情緒取向療法（EFT）已被各方嚴謹的科學實證研究證明：經過短期婚姻治療晤談，75%的夫妻能成功解決婚姻問題，而且療效最持久，是公認目前治療怨偶最成功的方法。', 8, 0, 0, 'http://cdn.kingstone.com.tw/book/images/product/20117/2011780073823/2011780073823b.jpg', NULL, NULL, NULL, NULL),
(113, 'book', '輔導者的修為', 488, '《輔導者的修為》\n哪管你是陪伴過多少病人度過生命最後一刻的醫者，面對家人逝世，能不也經歷錐心之痛？哪管你輔導過的人不計其數，每當協助身心遍佈傷痕的當事人時，能不牽動慈悲之情，讓他們逾越專業界線，導致輔導舉步維艱？哪管你是有無限愛心的善別輔導者，一旦觸動對死亡的恐懼，能不也猶疑卻步，對著滿面哀愁的喪親者，難以同行？當事人悲傷絕望時，可以轉向輔導者求助。但輔導者對著當事人而觸動傷痛時，又可以到哪裡找尋滋養，找到「陽光、空氣、花和水」？《輔導者的修為》從輔導理論、文化和輔導者的親身體會出發，回應這個問題。', 2, 0, 0, 'http://cdn.kingstone.com.tw/book/images/product/20117/2011780066412/2011780066412b.jpg', NULL, NULL, NULL, NULL),
(114, 'book', '人生總會有出路：向前走，遇見更好自己的84個快樂方案', 236, '《人生總會有出路：向前走，遇見更好自己的84個快樂方案》\n嗨！打起精神，自己的路自己走，人生總會有出路！\n★在每日匆匆來去的腳步中，最正向、療癒人心的一本書！\n如果人生感到彷徨、找不到出口，那就跟著貓咪走吧！\n因為貓咪一定找得到回家的路。\n本書每篇以貓咪搭配簡潔小品文，讓可愛的貓咪與療癒文字撫慰你的心！\n■向貓咪學習生活哲學，向名人汲取智慧\n84隻可愛俏皮的貓咪，\n84篇關於「做人、做事、生活、心靈、改變」的人\n生指南！\n■一個單元一跨頁，一隻貓咪一提醒，用簡單的插圖搭配有温度的文字，\n希望能帶給讀者一些溫暖，讓感動滿溢在我們的生活中。\n敢於挑戰自己的極限，不必活在別人的期待中，\n自己的生命自己負責。\n勇敢想像、勇敢做夢、勇敢去做，\n這樣才會發現自己其實也不賴。\n讓84隻超萌、超酷、超療癒的小貓咪陪著你，\n過去的，別再遺憾；\n未來的，無須憂慮；\n現在的，加倍珍惜。\n人生雖然很複雜，但我們可以簡單面對，關鍵在於面對的態度。\n果果想把複雜的人生，透過簡單的圖文方式敘述，想要在文字之間傳遞一些力量，這些話要對大家說，也對自己說。\n自己的路自己走，向著微光前進，希望就在眼前。書中的文字療癒了寂寞、不安的靈魂，分享愛和勇氣，並持續撫慰著每顆心。\n希望鼓舞人心，在歷經低潮、或是感到困惑的時刻，\n帶給人一些勇敢面對的力量，讓人們前進的腳步不再遲疑，\n重新找回快樂與感動的能力。\n果果想要用簡單的圖文，敘述這複雜的人生！\n未來，讓我們一起加油！', 1, 0, 0, 'http://cdn.kingstone.com.tw/book/images/product/20185/2018551732071/2018551732071b.jpg', NULL, NULL, NULL, NULL),
(115, 'book', '圖解心理學', 174, '《圖解心理學》\n現代人的生活，根本就脫離不了「心理學」，可是有些人每天活著，卻對心理這門學問，保持著冷漠與不關心的態度，實在是令人感到遺憾！\n不懂得人心，卻非得每天與人接觸，如此活著豈不是一件十分累人的事！\n事實上，每一個人都可以活得更充實，更加地自由自在……\n在人際關係中，如果你稍加運用一下心理學，你就可以在團隊中如魚得水，過得圓融與滋潤，心理學是一門社會人必修的課，你越早修完，就會越接近成功的目標。\n心理學是一門很有趣的學問。藉由心理學的知識，我們可以勇於面對人群，觀察他們的種種行為。同時，它也可使我們焦慮的情緒得到解脫，並能提供我們健康的積極態度，改善我們的人際關係，並間接影響到社會生活的正常發展。\n本書以多數人的日常生活經驗為藍本，以有趣的實例、圖例解說各種心理現象。內容包含自身之研討、男女關係、父母與子女關係等等，真可謂包羅萬象！\n希望讀者在研讀此書之後，能充分掌握自己的生活，用短短的一分鐘，即可了解自己並了解別人，增進彼此友誼與健康心理。', 11, 0, 0, 'http://cdn.kingstone.com.tw/book/images/product/20117/2011770975908/2011770975908b.jpg', NULL, NULL, NULL, NULL),
(116, 'book', '在黑暗裡摸到光', 205, '《在黑暗裡摸到光》\n20多年來，點燈文化走遍台灣、也出走到緬甸、越南、大陸等偏遠的區域，為台灣觀眾帶回來許多動人的紀錄影片，可以說哪裡有動人的故事，點燈的攝影機就到哪裡開拍紀錄。\n這樣的純粹簡單的紀錄片在功利取向的電視台並不受青睞，許多次，點燈的燭火被現實吹得搖搖欲墜，然而，製作人張光斗並不放棄，努力堅持捧著這盞燭火，他甚至將一生積蓄所買下的房子賣掉，只為籌錢成立「點燈文化基金會」，讓「點燈」能夠在螢光幕前繼續為大家說故事。\n這些影片直接探觸各個國度、各個社會階層的小人物內心底層和生活樣貌，沒有灑狗血的對白或預先寫好腳本，真誠而自然的紀錄，像一則又一則的微電影，紀錄了一些小人物對生命不放棄的勇氣、毅力，對夢想的追逐，短而深刻的意涵，每每令人省思，如果，連他們都沒有說放棄，在人生小挫折路上的我們又怎能輕言放棄呢。\n2014年，「點燈」節目即將屆滿20年，製作人張光斗把節目中生命鬥士的故事，將影片轉化成動人文字，要再一次觸動人心。作者張光斗先生對點燈的付出，應該就是夢想行動家的最佳實踐者。', 7, 0, 0, 'http://cdn.kingstone.com.tw/book/images/product/20155/2015570060864/2015570060864b.jpg', NULL, NULL, NULL, NULL),
(117, 'book', '誰說選擇是理性的：揭露選擇背後的真相，轟動學界與商界的經典之作\r\n                          The Art of Choosing', 277, '《誰說選擇是理性的：揭露選擇背後的真相，轟動學界與商界的經典之作》The\nArt\nof\nChoosing\n★美國亞馬遜年度「最佳商業投資類書」第3名\n★金融時報（Financial\nTimes）「年度商業選書」決選書單\n誰在操縱你的選擇？為什麼我選的常常不是我要的？\n為什麼別的選擇好像總是比較好？\n要怎樣善用選擇，掌握自己的生活與人生？\n★麥肯錫顧問公司、富達投資公司參考她的研究\n★暢銷書《決斷兩秒間》、《只想買條牛仔褲：選擇的弔詭》引用她的論述\n為什麼你一看到可口可樂，就會聯想到歡樂氣氛？\n你是真的想投給那位候選人，還是被潛意識引導？\n驚人的超市果醬實驗，顛覆「選擇越多越好」的迷思！\n你每天都要做的「選擇」，背後真相是什麼？\n到底有哪些力量，在影響我們「自由」選擇？\n每天，我們一睜開眼就面對無數的選擇，小至早餐吃什麼喝什麼飲料、看什麼電影，大至選擇讀什麼科系、選擇什麼人當終身伴侶，只是我們將大部分選擇過程視為理所當然，或重複這個過程而不自知。你是否曾經思考過：這些選擇的根據是什麼？它們是怎麼形成的，又被哪些因素影響？我們所做的決定，真的都是出於自己的選擇嗎？這些選擇，是否都有意義？\n哥倫比亞大學教授艾恩嘉從大學時代起即開始研究「選擇」這一嶄新的課題。十五年來，她以心理學為基礎，援引許多領域與學科的論點——商業、經濟學、生物學、哲學、文化研究、公共政策、醫學等，其研究結果顛覆了所有人對「選擇」的刻板印象，甚至提出挑戰西方社會價值觀的建議：有時候將選擇權交託他人，對自己會更好！\n艾恩嘉的研究，內容從生活上的日常選擇到具備重大意義的選擇，無所不包，當中已成為經典實驗的「果醬研究」，影響及世界知名麥肯錫顧問公司訂定「3X3法則」，或富達研究公司（Fidelity\nResearch）的「幫顧客減少選項」方針。\n本書中，她將帶領我們深入探究：選擇的欲望，究竟是天生的，還是文化培養出來的？為什麼我們常對自己的選擇感到失望？我們該如何善用選擇工具？本書不僅深入探索我們做選擇時的心理運作真相，更揭發隱藏在選擇背後的祕密力量。其卓越精闢的見解，以及多項創新又逼真的消費者實境實驗，不只轟動學界，更已成為全球跨國大企業爭相研究顧客消費行為的重要參考依據。\n現代人花費許多心力在做選擇上，卻也太習慣於創造選擇、要求選擇，以致於有時候忘了評估什麼時候選擇才有用、為什麼有用，而只是一味浮沈在無數的選擇中。\n但掀開「選擇」令人眼花瞭亂的外衣，它代表的其實是一種力量，是我們用來抵抗那些想掌控我們的人或系統的方法。選擇也是一個創造的流程，一種建構環境、生活與自我的流程。而選擇的力量，不是來自選擇本身，而是來自選擇的方式——用理智、有條理的方式做選擇——也就是選擇的流程。\n要做到這一點，艾恩嘉用爵士大師溫頓．馬沙利斯（Wynton\nMarsalis）的話來比喻：爵士即興演出的能力來自基本知識，而這知識「限制你能做和將做的選擇」。透過艾恩嘉綜合各領域研究與社會現狀的分析，我們明白：需要做選擇的時候，知識永遠非常重要——不論是自己掌握知識，抑或仰賴專業人士提供協助。\n世事多變無常，雖然我們無法消除困難的選擇，卻可以不再被選擇迷惑或擺布，也不再畏懼選擇代表的不確定性，因為那正是選擇的價值所在。\n「沒人比她更會問問題、比她回答得更巧妙。」\n——麥爾坎‧葛拉威爾（Malcolm\nGladwell），《決斷兩秒間》（Blink）作者\n「艾恩嘉對於選擇以及人腦如何因應選擇所做的研究令人大開眼界，驚喜連連，相當重要，值得我們用心傾聽。」\n——艾圖‧葛文德（Atul\nGawande），《開刀房裡的沉思》（Better）與《一位外科醫師的修練》（Complications）作者\n早安財經文化發行人\n沈雲驄／推薦\n（原書名：誰在操縱你的選擇）', 11, 0, 0, 'http://cdn.kingstone.com.tw/book/images/product/20117/2011760274851/2011760274851b.jpg', NULL, NULL, NULL, NULL),
(118, 'book', '心理學', 638, '《心理學》\n本書內容是為心理系的學生所編寫，以供他們在上、下兩學期中獲致心理學的進階知識。但因為心理學涵蓋的範圍極為廣泛，所以原文書的編幅相當可觀，內容也較為繁複。對於想要一窺心理學奧秘而選修這門課程的學生而言，面對這樣的龐然大物，往往有不知從何下手的因惑。因此，譯者在本版藉著簡約文字以縮短其篇幅，而又不傷原文書旨意，試著把各個領域的綱領勾勒出來，並對其基本概念作清楚的界說，以使學生在自我進修或應付考試上皆能有所依據，實為值得你選用的一本「普通心理學」讀物。', 8, 0, 0, 'http://cdn.kingstone.com.tw/book/images/product/20117/2011700060216/2011700060216b.jpg', NULL, NULL, NULL, NULL),
(119, 'book', '轉化之旅：自性的追尋\r\n                          Transformation : Emergence of the Self', 379, '《轉化之旅：自性的追尋》Transformation\n:\nEmergence\nof\nthe\nSelf\n轉化使人們得以成為更深刻、更完整的自己，將與生俱來的自性，實現至最大可能。未來是在過去和現在的子宮裡所孕育而來的。榮格認為，人的一生有兩個主要時期：人生上半場（兒童到青春期），以及人生下半場（中年期）。最有意義的轉化就發生在中年階段，這也是「自性」（the\nself）追尋的開端。在本書中，史丹博士首先以一則蛻變的夢境，以及詩人里爾克以創造力療癒靈魂的故事，介紹轉化的意義。他並以威廉．梅隆到海地行醫的故事，詳述轉化意象的召喚。接著，他以《哲學家的玫瑰園》系列圖像，闡述在親密關係中的轉化歷程。最後，他以三位極具創造力的人物：林布蘭、畢卡索、榮格，作為生命轉化的例證，說明個體意識全面開展的成熟能量，以及它如何指引出一個人後半生的天命。史丹和榮格一樣，將蝴蝶視為人類成年期心理轉化的最佳隱喻。當毛毛蟲繭化成蛹，牠就進入靈魂的黑夜。當牠通過嚴苛的考驗，從宛若墓石般的禁錮中脫繭而出，牠將縈繞於花叢之上，追隨著直覺與空氣的流動，展開雙翼，發覺牠飛舞的天賦，成為真正的自己。經歷了轉化之旅，新的靈魂意識誕生，蘊含著新的價值觀與方向，人開始朝向內在的靈性本質，活出最深層渴望的自己。本書特色以榮格論述為全書主軸，輔以詩人(里爾克)、畫家(林布蘭和畢卡索)的生命故事，描述所謂的中年危機，如何可以是轉機，而成為一個人一輩子最有意義的生命階段。', 0, 0, 0, 'http://cdn.kingstone.com.tw/book/images/product/20117/2011700055809/2011700055809b.jpg', NULL, NULL, NULL, NULL),
(120, 'book', '心理師的單行道', 187, '《心理師的單行道》\n林德俊：「隨著心理師的眼睛，好像在照鏡子，我看見一個懂得付出、願意分享的施予者，也看見了一個謙卑自省、淡看無常但保有熱情、追求著更好生活的學步者。」高惠琳：「舒霖的意念，就像夜裡綻放的曇花，清清雅雅、卓爾不群，只是，喜陰，加上混在濃厚複雜的各式氣味裡，要夠靜、夠定、夠投入，才能產生恍然的感悟和驚喜。」隨著兩位主編的推薦序，帶我們一步步走進心理師的心靈，他不再只是高高在上的治療師，而是同尋常人般有著心情跌宕和生命轉折，且看他如何走出人生低谷，再次面對光亮。', 11, 0, 0, 'http://cdn.kingstone.com.tw/book/images/product/20185/2018551634634/2018551634634b.jpg', NULL, NULL, NULL, NULL),
(121, 'book', '醫生自己不吃的藥：大數據揭開醫界、藥商不能告訴你的醫療真相', 221, '《醫生自己不吃的藥：大數據揭開醫界、藥商不能告訴你的醫療真相》\n以下這些真相，門診醫生、主治醫師告訴過你嗎？\n◎感冒藥總是跟腸胃藥一起開，但腸胃藥一直吃，骨折率增加22%\n◎糖尿病藥導致心臟病與腦中風的死亡率高達64%\n◎癌症健檢反而增加罹癌率，為什麼？\n「醫生不會說謊。」「醫生說的絕對是對的。」真的嗎？\n其實，醫生的話也分為實話和場面話。\n更甚者，有些醫生推薦給患者的藥，其實他自己和家人都不會服用。\n日本醫療統計學權威，專精動脈硬化與預防醫療學研究的新潟大學名譽教授\n岡田正彥要透過臨床的統計數字，揭發40個你不知道的醫療真相：\n同一種藥，為什麼有的醫生說有效，有的說少碰？\n哪些數據可以相信？哪些是偽實證？\n如果醫生的家人生病了，他絕對不會讓他們吃哪些藥？\n◎醫生自有一套安心延壽的治療法\n‧千萬別相信百大名醫、醫院之類的排名：\n你永遠要對醫院的排名保持懷疑，因為這種排名永遠沒有以任何數據跟基準\n作為評斷好醫院與好醫生的依據。\n岡田正彥醫師說：我盡量不去大學附設教學醫院，因為不想被當成教學工具。\n‧新治療法必有新風險──例如：心導管治療法，復發率還較高\n所以，不需要冒險接受醫院提出的最新療法，因為最先進治療跟舊式治療的復發率其實很可能都一樣。\n‧不要相信「試試新藥」的醫生！因為多數藥廠只取優點進行宣傳，\n對於嚴重副作用多半避而不談。\n愈忙的醫師愈沒空看新藥報告，只看摘要根本沒細看內容就決定採用。\n◎如果家人生病了，我絕不會讓他們吃這些藥：\n‧糖尿病藥導致心臟病與腦中風的死亡率高達64%\n因為藥物的副作用，引發心肌梗塞、心臟病和腎臟病等各種疾病，\n不但病症沒得到解決，甚至提高了死亡率。\n‧很多病即使不吃藥，也能治好\n固定運動減重至少7%，糖尿病就可以不藥而癒，改善生活習慣才重要。\n還有，預防骨質疏鬆的最好方法是運動，攝取太多鈣質和活性維生素D3，容易得心臟病。\n降高血壓、降三酸甘油脂和降膽固醇的藥，吃了會壞腎傷身，甚至提高致死率，\n世上更沒有「得吃一輩子」的藥的病\n——高血壓數字，多少以下可以停藥？血糖值多少之下也可以停藥？\n◎為何岡田醫師不讓家人接受「定期」健檢與全身健檢？\n‧意外嗎？X光檢查居然高居罹癌病因第四名\n全身健檢最大的問題就是大量照射放射線，對人體組織造成嚴重傷害。\n斷層掃描的輻射量，可能高達X光的一千倍！你知道嗎？\n‧「及早發現，及早治療」這句話一點根據也沒有\n例如，失智症是因為腦神經細胞的訊號傳導物質不足，或是過多所導致，\n沒有任何數據能證明，提早發現並開始服藥，就能抑止病情惡化。\n除了定期運動，飲食方面也要維持均衡營養，才能健康長壽。\n◎好醫生有時很難碰到，但不適任的醫生你一眼就可分辨：\n你一問問題他就開始生氣；\n說上一位主治醫生的壞話；\n從不建議你改善生活習慣，卻一直開給你同一種藥，但對藥物內容不做任何說明……\n本書追蹤數據統計，揭破無數醫療謊言以及醫生的真話與場面話。\n對錯誤的藥物與檢查，你要有拒絕的勇氣。\n最重要的是，你需要的不是名醫，而是找一位熟悉你的家庭醫生，\n協助你做好健康管理。', 13, 0, 0, 'http://cdn.kingstone.com.tw/book/images/product/20142/2014290279150/2014290279150b.jpg', NULL, NULL, NULL, NULL),
(122, 'book', '做個鹼性健康人【熱銷版】', 221, '《做個鹼性健康人【熱銷版】》\n你是否常被蚊蟲叮咬？\n人常感到疲倦？身體痠痛？壓力非常大？\n很少運動，喜愛肉食？經常便祕、有過敏體質？\n小心你可能有酸性體質……\n12盎司的美式牛排、肉嫩鮮甜的帝王蟹腳、\n火辣過癮的四川麻辣鍋、超級巨無霸冰淇淋聖代……\n美食極限不斷挑戰我們的味蕾，把胃口養刁的同時，\n過多的精緻也讓我們體內的酸鹼平衡跟著改變，\n你可能不知道，酸性體質正是所有疾病的溫床……\n你的體質變酸了嗎？\n讓自己的體質維持在弱鹼性，是遠離疾病的第一步。\n本書提供微鹼食物、及生機飲食，搭配運動和日常生活下手，讓你輕鬆做個鹼性健康人！\n日趨精緻的飲食文化，讓味蕾變得挑剔，尋求美味的同時，你一定不會發現，你的體質正悄悄地酸化……\n一般正常人的體質需保持一定的PH值（7.35至7.45），以維持正常的生理和代謝功能。一旦酸鹼失衡，偏向酸性體質，人體就變成細菌、病毒的溫床。\n根據一項都市人健康調查發現，在生活水準較高的大城市裡，百分之八十以上的人，身體呈現不健康的酸性體質。如果體液偏酸，細胞的作用就會變弱，新陳代謝就會減慢，長此下來，女性的皮膚就會過早地產生黯淡和衰老；少年兒童會出現發育不良、食欲不振等症狀；中老年人則會引發骨質疏鬆症、動脈硬化、腎結石、關節炎、痛風、糖尿病及各種癌症……\n本書由專業除了提出學理知識，利用酸鹼失衡的概念，說明現代人多疾病的原因，認為微酸的體質是所有疾病的溫床，唯有從食物、運動、飲水和日常生活作息調整，讓體質偏向鹼性，才能擁有健康！此外，亦提供簡單的微鹼飲食原則，提供日常調養，及多面向響應樂活主張，教你找回自己的健康！\n最權威的鹼性健康主張，最樂活的鹼性生活方案，最輕鬆的鹼性飲食原則，做個自在的鹼性健康人！', 2, 0, 0, 'http://cdn.kingstone.com.tw/book/images/product/20141/2014110720114/2014110720114b.jpg', NULL, NULL, NULL, NULL),
(123, 'book', '健康活力到100歲的關鍵就在「早晨」！', 198, '《健康活力到100歲的關鍵就在「早晨」！》\n日本電視節目「全世界最想上的課」固定來賓白澤教授最新力作！\n這些「早晨習慣」攸關健康壽命的長短！\n快來立刻檢視你的「早晨」健康指數\n「早晨習慣」大檢測\n這麼做會導致老化嗎？\n早上一起床就「喝一杯水」？——原本用意是要讓血液變清澈……\n有不吃早餐的經驗？——對身體的傷害竟然這麼嚴重……\n蹓狗？——只是帶狗出門散步就能有這麼厲害的效果……\n看報紙？——不要只是「看」，還要……\n早上洗頭？洗澡？——精神變好了，可是……\n早上總是一成不變？——大腦一旦太安逸……\n早餐、早晨活動、刺激大腦等，\n早上應該做與不能做的事，\n你不可不知！\n早上更應該做／不應該做的事\n——早上是活化大腦血流和內臟、強化骨骼與血管的最好時間！\n․保持內藏及血管年輕的「早餐必吃食物」\n․「早上散步」有更有效的方法！\n․1分鐘舌頭運動鍛鍊「吞嚥能力」\n․「睡前3大習慣」讓入睡變得更簡單、睡得更沉\n․打造「平衡感絕佳的身體」的起床操', 6, 0, 0, 'http://cdn.kingstone.com.tw/book/images/product/20141/2014110713833/2014110713833b.jpg', NULL, NULL, NULL, NULL),
(124, 'book', '健康之道有聲書第8輯', 850, '《健康之道有聲書第8輯》\n賽斯資料」是新時代的經典巨擘，以最原創性的觀念，探討講論心理學、超心理學、科學、生物學、哲學、宗教等議題。接觸「賽斯資料」，令許多追求身心靈成長的朋友們，有種「就是這個」、「我找到了」的深層喜悅。「賽斯資料」博大精深，透過研究賽斯思想二十年的許添盛醫師導讀，將使得許多對「賽斯」充滿好奇與極欲深入探究的朋友，更易進入心靈殿堂，產生融會通透的內在智慧。\n這套「健康之道」有聲書，是許添盛醫師以生活化、輕鬆、簡白的方式，傳譯「賽斯心法」的精彩原音重現，是熱愛新時代賽斯資料、追求身心靈健康、尋求身心安頓的朋友，不可錯過的精神饗宴。後期集次陸續推出中，敬請期待！', 0, 0, 0, 'http://cdn.kingstone.com.tw/book/images/product/20141/2014120063829/2014120063829b.jpg', NULL, NULL, NULL, NULL),
(125, 'book', '常見慢性病神奇自療術(圖文精華版)', 260, '《常見慢性病神奇自療術(圖文精華版)》\n街頭書坊、網路商家，充溢著許多有關延年益壽、健康治病的叢書；但是對於常見慢性病居家自療術，而且有科學依據的神效方法，却寥寥可數。\n本醫學金典名作所採用的一些整骨療法、關節平衡法、痠痛治療法、失眠早洩調整法，等極速神效自我治療術，如能用心體會、抓到關鍵，那麼對於一些慢性病痛，將有不可言喻的神奇效果。', 13, 0, 0, 'http://cdn.kingstone.com.tw/book/images/product/20141/2014150371109/2014150371109b.jpg', NULL, NULL, NULL, NULL),
(126, 'book', '長壽養生之道\r\n                          How to live longer and feel better.', 221, '《長壽養生之道》How\nto\nlive\nlonger\nand\nfeel\nbetter.\n首次引進\n【雙項諾貝爾得主】\n萊納斯．鮑林\n鉅作深入了解「維他命C」的神奇功效本書為《長壽養生之道》20周年紀念的再版，不僅彙集了萊納斯．鮑林過往的書籍，亦整合了鮑林在70年代後期與以旺卡麥隆博士（Dr.\nEwan\nCameron）共同撰寫的《癌症和維他命C》（Cancer\nand\nVitamin\nC）一書。作者提供了一種簡單的飲食療法來改善健康。鮑林的健康計劃具有吸引力的一點是，只要透過一些「簡單而低廉」的措施（攝取維他命C），任何人都可以增進他們的健康和幸福。在書中作者舉出許多的統計數據來說明，透過適當攝取維他命，與其他膳食營養的方法，足以獲得最佳的健康狀態。現在大多數人都知道，維他命C對於治療以及預防感冒，有確切的功效，但作者提出許多臨床實驗紀錄來證明，維他命C對人體的好處實在是不可勝數，舉凡傷口療癒、肌肉活動、過敏、關節炎等生理病痛，或是精神分裂症、唐氏症的心理疾病，甚至對於重大疾病的癌症、心血管疾病的患者都有很大的助益。維他命C能夠維護細胞的健康發展，促進正常組織生長及修復（即傷口癒合），也有助於防止血液凝固和瘀傷，同時因為維他命C可以提高人體的免疫力，降低膽固醇水平，防止高血壓和防止動脈硬化，預防退化性疾病，如白內障，某些癌症和心血管疾病等。本書中，鮑林擷取了許多成功執行分子矯正療法的小故事。很多因為攝取維他命C而獲得治療的病患寫信給他，描述他們遵循建議後的成功經歷。鮑林從之前的著作，和針對維他命C和營養的公開談話中，收到成千如雪片般飛來的信件回應。發表《長壽養生之道》後，鮑林有來自各方的強力支持，也有與他意見相左的醫學家與學者，鮑林飽受著許多衝突和挫折，但為了讓維他命C的功效被人們所接受，絲毫不動搖他的信念，反而提出了邏輯論證和合理的假設來面對詆毀他的人。另一個吸引人的因素是鮑林積極正面的觀點；鮑林著重於長壽及對疾病的預防與治療。在最後一章，“美好世界的樂活人生”，鮑林希望以個人的力量，為大眾帶來貢獻；他企求讀者能理解其中偉大的藍圖。', 9, 0, 0, 'http://cdn.kingstone.com.tw/book/images/product/20141/2014180262187/2014180262187b.jpg', NULL, NULL, NULL, NULL),
(127, 'book', '無效醫療拒絕論：你接受的檢查治療都是「必要」的嗎？100個「不建議之醫療行為」務必參考！', 205, '《無效醫療拒絕論：你接受的檢查治療都是「必要」的嗎？100個「不建議之醫療行為」務必參考！》\n健康出狀況，當然就要接受檢查與治療。\n但是，你能確定我們接受的檢查、治療，真的是「必要」的嗎？\n有的時候，醫療提供方會為了避開醫療風險，而進行沒有必要的醫療行為！\n綜觀全球，不斷增加的醫療費用在各國都構成了問題。\n「Choosing\nWisely（明智的選擇）」活動源於美國，目的是要放逐無用的醫療行為。\n參與該項活動的各醫學會發現，現行的醫療行為中，有很多並非完全以「診斷疾病」、「治療疾病」或者「預防疾病」為目的，反而常常是為了「防範於未然」、「保險起見」而進行的「過度治療」。\n過度治療不但虛耗國家醫療資源，不必要的檢查或醫療行為，有時非但對診斷病情或治療沒有幫助，反而更容易對患者的身體造成負面影響。為此，美國各醫學會因而主動發起這項「Choosing\nWisely」的活動。\n該項活動已有71個醫學會參與，並提出逾250個被認為是「不建議之醫療行為」。本書作者深諳醫學相關知識，不但從中挑選出了100項關係較密切的醫療行為，更大致分類成癌症類與非癌症類的醫療行為，並分門別類介紹。\n還針對部分相關文獻，進行較為深入的剖析，並透過補充說明、補充解釋等解說，讓讀者盡可能理解書中專業術語。即便是不熟悉醫療領域的人，也能藉由本書，理解醫療環境的現狀。\n本書特色\n◆收錄美國各醫學會研究報告所指出的，100種絕不願接受的無用醫療。\n◆出處明確，每種不建議(建議)的醫療行為，皆標示有提出該項主張的醫學會名稱。\n◆書末附上書中提及的醫療資訊網站，為讀者提供最完整的參考資料。', 14, 0, 0, 'http://cdn.kingstone.com.tw/book/images/product/20141/2014150388640/2014150388640b.jpg', NULL, NULL, NULL, NULL);
INSERT INTO `product` (`id`, `type`, `name`, `price`, `content`, `inventory`, `rank`, `sales`, `pre_img`, `intro_img1`, `intro_img2`, `intro_img3`, `intro_video`) VALUES
(128, 'book', '代謝症候群自我管理', 101, '《代謝症候群自我管理》\n根據衛福部2013年國人十大死因統計發現，與代謝症候群有關的心臟病、腦血管疾病、糖尿病、腎臟疾病等，佔所有死因的31.1%，已超過癌症的29%，代謝症候群已經嚴重威脅台灣人民的健康。\n你還在一手雞排、一手珍珠奶茶嗎？根據調查，全球有一億以上的成年人口體重超重，當腰圍超過標準50%時，不但死亡率是標準體重的2倍，更成為心血管疾病的高危險群！\n您知道什麼是代謝症候群嗎？為什麼他會是糖尿病、中風和心血管疾病……等病症的徵兆？又為何減重與運動能讓您與它保持距離。\n為了避免腰上總是掛個游泳圈、啤酒肚，甚至引發心血管疾病，調整飲食與生活習慣便是第一要務。\n本書讓大家認識代謝症候群以及它帶來的症狀，如何遠離它，若生活上無法避免到的話，告訴你如何自我照護，包括飲食計劃及營養補充品的建議。\n想要遠離代謝症候群沒有捷徑，注意日常食物的攝取，尋求專業的意見，養成正確的生活習慣，才是遠離代謝症候群的最好方法。', 10, 0, 0, 'http://cdn.kingstone.com.tw/book/images/product/20141/2014150390421/2014150390421b.jpg', NULL, NULL, NULL, NULL),
(129, 'book', '人體疾病圖解大百科', 379, '《人體疾病圖解大百科》\n日本專業醫學記者推薦年度暢銷好書！★尿液顏色和生活習慣有什麼關係？★人體的血管總長可以繞地球兩圈呢！★從舌頭和指甲也能看出健康狀況？★為何心臟可以不眠不休地運作？★你知道你的「血管年齡」是幾歲嗎？★血液循環差也是腰痛的原因？★抗生素也無效的「超級細菌」會侵襲我嗎？人體內部不只是構造精良器官組織協調運作，才是生命的美妙生病了，不用因為各種未知而害怕知道你的細胞正在做什麼明白各系統器官組織運作的原理去理解它、感受它、記憶它淺顯實用的科學知識才能轉化成為常識就算是超級細菌，也無法突破你的自我防線本書特色了解身體，才能用最好的方式對待它！如故事書般精彩的《人體疾病圖解大百科》由專家執筆、監修，針對現代人各種常見疾病，從疾病的成因、症狀、病程，以及治療、照顧、預防方法，全面性一一加以介紹。-----「主題看似嚴肅，讀起來卻很好懂」------˙完全圖解，讓人一看就懂！輕鬆預防10大惡疾！˙超過600禎精美插圖與珍貴解剖圖，導覽人體生理構造兼具欣賞價值。˙層層解析各臟器運作機制及疾病，鉅細靡遺、概念完整。˙說明各器官系統之疾病預防、徵兆、治療及保養，增進醫病間互信了解。‧貼心指出常人易混淆忽略的病徵，讓您不再錯過健康警訊！‧豐富的精美圖解，讀來賞心悅目更受益良多，亦可作為教學工具用！‧以人體各器官系統之區分作為章節，清楚易查！‧先說明各臟器機能，後詳述相關疾病，循序漸進明瞭易懂！', 9, 0, 0, 'http://cdn.kingstone.com.tw/book/images/product/20142/2014290247555/2014290247555b.jpg', NULL, NULL, NULL, NULL),
(130, 'book', '疾病，不一定靠「藥」醫：劉博仁醫師的營養療法奇蹟', 253, '《疾病，不一定靠「藥」醫：劉博仁醫師的營養療法奇蹟》\n百大良醫、教學醫院營養醫學門診第一人劉博仁醫師，\n無私分享「全人關照」、自然療法、排毒等寶貴臨床經驗，\n徹底根治難纏病症、全面提升健康！\n「要把病治好，除了吃藥、打針或開刀以外，別無他法嗎？」\n「聽到人家說吃什麼保健食品對身體好，就買了一大堆綜合維他命、鈣片、葉酸、葡萄糖胺……？」\n還抱持著這種舊觀念、舊做法嗎？你現在最需要的正是――「營養醫學」的專業新觀念！\n本書作者劉博仁醫師，不但是2009年商業周刊票選的百大良醫，也是台灣在教學醫學開設營養門診的第一人。擔任耳鼻喉科醫師的他，由於受過家醫科「全\n人關照」、自然療法、排毒螯合等醫學理論的薰陶，使他在看診時跳脫「頭痛醫頭，腳痛醫腳」的固有模式，而是觀察患者的整體狀況，並善用「一滴血」檢查和過\n敏檢測，幫患者找出疾病真正的根源。因此許多西醫治療上難以斷根的疾病，像是氣喘、鼻竇炎、異位性皮膚炎等，或是長期的慢性病，像是高血壓、脂肪肝、大腸\n激躁症，甚至是癌症這類重症，在以營養素治療和生活調整之後，竟然都成功地改善病情，或是不再復發。\n另外，台灣人一年購買營養保健品的金額高達六百七十億元，很多人以為吃了營養品就可以讓自己變得更健康，卻沒考慮到：產品來源可不可靠、劑量對不對、是不是為自己量身訂作的？因此就算吃再多，不但沒有效，還可能對身體有害，根本就賠了夫人又折兵。\n想要治病、強身，你絕不能錯過最「營養」的三大健康新觀念：\n●營養醫學治病將成為未來趨勢：營養醫學已成為未來醫療機構整合醫療不可或缺的一環。不過要特別注意，營養醫學不等於食療，也不等於吃健康食品。書中特別公開20個營養門診的本土成功案例，讓你共同見證營養素治病的奇蹟！\n●最常見的營養補充品迷思，不再被廠商牽著鼻子走：補充葡萄糖胺（俗稱維骨力）並不能改善骨質疏鬆症，這些患者要補充的其實是構成硬骨所需的鈣、鎂和\n維生素D；口服膠原蛋白因為不溶於水、不易吸收，去除細紋的效果其實很有限等等，這些以訛傳訛、習以為常的錯誤迷思，通通幫你釐清！\n●挑選營養補充品的專業know-how：各種營養品如何買、怎麼吃、功效、禁忌和使用要訣，例如：買維生素C時選擇多種抗氧化營養素的複方較好，服用膳食纖維也要記得喝足二千CC的水，否則會加重便祕等等，所有你想知道的疑問，一次給你完整解答！', 10, 0, 0, 'http://cdn.kingstone.com.tw/book/images/product/20141/2014110682559/2014110682559b.jpg', NULL, NULL, NULL, NULL),
(131, 'book', '食品不安全的年代如何自保？顏宗海醫師教你怎麼吃最安心！', 221, '《食品不安全的年代如何自保？顏宗海醫師教你怎麼吃最安心！》\n長庚醫院臨床毒物科醫師\n顏宗海\n第一本食安守護書！\n近50種食品添加物×24起重大食安事件×4大黑心手法完全解析！\n含瘦肉精的牛肉，容易導致心血管疾病患者發病？\n食品中的塑化劑，容易導致小女生性早熟，小男生女性化？\n原料來源不明的油品，是否有健康疑慮？\n毒澱粉讓食品變得更Q彈，容易導致腎臟損傷？\n火腿香腸紅潤可口，秘訣竟是添加亞硝酸鹽？\n曾幾何時，「食品安全」已經變成一種奢望，違規食品流竄市面，主管機關稽查出的違法食品案件日益增多，面對這些亂象，長庚醫院臨床毒物科顏宗海醫師希望能為食品安全盡一份力，捍衛民眾「吃得安心」的權利！\n他列舉近50種常見的食品添加物，並就可能對於健康的影響進行詳盡的解析，傳授讀者分辨之道；對於習慣自行煮食的讀者，從食材保存、烹調方式、魚肉蔬果的挑選清理，到烹具、食器的挑選，顏醫師也提供了專業的建議，就是要讓你細心地挑、放心地買、安心地吃！', 1, 0, 0, 'http://cdn.kingstone.com.tw/book/images/product/20141/2014110727748/2014110727748b.jpg', NULL, NULL, NULL, NULL),
(132, 'book', '不可盡信的醫療謊言：信不得的醫生，吃不得的藥，做不得的保健方法。', 237, '《不可盡信的醫療謊言：信不得的醫生，吃不得的藥，做不得的保健方法。》\n信不得的醫生。\n吃不得的藥。\n做不得的保健方法。\n醫療與健康常識盡是謊言！\n醫療統計學權威．岡田正彥\n戳破錯誤百出的健康常識、濫用藥物的醫療體系、誇大不實的營養補充品廣告！\n【造就醫療謊言的三大元兇】\n■原因1\n醫療數據遭到誤會或濫用\n只提出數字就誆稱是「醫學證據」，或是引用醫療學會、名醫的意見，做出模擬醫學證據的內容，此類蒙混手法屢見不鮮。\n■原因2\n礙於醫療體系應有的結構\n花時間為患者進行飲食及運動指導，醫院的財政狀況將會面臨赤字，故醫生常會開藥給根本不需要服藥的患者，或進行一些沒必要的檢查。\n■原因3\n對科學的期望過大\n科學家以人為的方式任意更動基因和細胞，恐怕會催生出未知的物質，會對健康造成何種影響，依然是未知數。\n【無憑無據，值得大打問號的醫療常識】\n—提高免疫力能預防患病？\n—BMI值22最為理想？\n—雞蛋含有大量的膽固醇，1天最多吃1顆？\n—服用營養補充品補充鈣質能有效治療骨質疏鬆症？\n—尿酸值過高的人只要改喝低嘌呤啤酒就能安心？\n—低碳水化合物減肥法的效果極佳？\n【揭穿各式「人造」醫療常識陷阱】\n—糖尿病患者非重症就不需要服藥\n—服藥使血糖值過度下降後死亡率會隨之升高\n—「失智症患者早期服藥治療成效最佳」並無根據\n—目前尚無能夠確實提高免疫力的方法\n—按摩小腿不一定有益健康\n—限制碳水化合物的減肥法相當危險\n—癌症篩檢和健康檢查都無法延長壽命\n—睡眠時間過長反而容易生病\n—醫療的最終目的並非改善檢查數值，而是延長壽命\n【不受營養補充品廣告欺騙的確認重點】\n■有比較「有服用的人」和「沒服用的人」之間的差別嗎？\n絕大多數的廣告都不會同時告訴大家「沒服用的人最終身體狀況會如何」，雖然「吃藥能改善病情」，但就算「不吃藥病情也有機會自然好轉」。\n■比較的對象是公平的嗎？\n一定要特別留意「隨機」這兩個字，只要看到「隨機」一詞，在研究者沒有暗中動手腳的前提之下，即為公平的調查。\n■有找來大規模的實驗對象做調查嗎？\n想得到值得信賴的調查結果，至少要找1000名以上的實驗對象進行調查。\n■有長時間追蹤調查嗎？\n追蹤時間較短的調查通常能得到正面結果，沒有附上長時間追蹤調查的數據資料，就無法判定該產品的真正成效。\n■有辦法延長壽命嗎？\n一般人通常只在乎眼前的變化，但如果這項營養補充品會引起嚴重的副作用，代表會導致平均壽命縮短。\n【本書的三大保證】\n★不會一味地否定醫療手段，而是會提出更適當的方式，教大家如何跟醫生和藥物打交道。\n★介紹比任何藥物都還要能有效延長壽命的「真正的健康常識」。\n★介紹有科學根據的「正確保健方法」。\n本書特色\n◎擊破假健康之名，行廣告之實的「人造」醫療常識陷阱。\n◎導正坊間普遍流傳，實則錯誤百出的健康常識。\n◎可服用的藥＆服用後會有危險的藥判斷教學。\n◎揪出覺得說明怪怪，卻難辨真偽的理論破綻。\n◎點出真正值得信賴的生活習慣。', 3, 0, 0, 'http://cdn.kingstone.com.tw/book/images/product/20141/2014110724082/2014110724082b.jpg', NULL, NULL, NULL, NULL),
(133, 'book', '按壓腳趾頭，告別疼痛與側彎：肩頸僵硬、腰痛、關節痛、O形腿、脊椎側彎、拇趾外翻……都能改善(附神奇', 237, '《按壓腳趾頭，告別疼痛與側彎：肩頸僵硬、腰痛、關節痛、O形腿、脊椎側彎、拇趾外翻……都能改善(附神奇》\n從妻子的O形腿，復健師意外發現了一個藏在腳趾的健康大秘密！\n從幼兒到百歲老人都能做！\n每天做5分鐘神奇的腳趾伸展操，他們的人生真的改變了！\n物理治療師湯淺的妻子的小趾從出生以來就彎曲貼不到地，\n他建議妻子天天按壓腳趾，讓小趾伸直恢復正常。\n沒想到一週之後，妻子嚴重的O形腿，居然大有改善。\n湯淺於是開始對患者的腳趾做各種實驗，\n他發現腳趾頭彎曲、腳趾間閉合張不開的人，身體多半有難治的疼痛或不舒服的情況。\n經過八年的實驗摸索和研究，\n湯淺終於找到腳趾與全身上下的關聯，\n只要腳趾能夠確實抓地，趾間維持一定距離，\n許多的病痛也會迎刃而解，\n腳趾就像人體的地基一般重要。\n八年來，湯淺透過神奇的腳趾伸展操，\n成功幫助了許多人擺脫輪椅、拐杖，\n作為物理治療師，他最大的快樂，莫過於看到無法走路的人再度邁開步伐。\n★日本亞馬遜健康書籍No.1！見證無數臨床奇蹟，物理治療師分享驚人案例！\n★隨書附贈神奇腳趾操示範DVD！\n「腳趾伸展操」在差點要坐輪椅的時候拯救了我！\n幾乎要動手術的我，10分鐘後就丟掉拐杖了！\n被宣告「不能走」的兒子，竟然能跑了！\n治好我那如象腿般浮腫的雙腳！\n原本撐著拐杖步履蹣跚，做了5～10分鐘神奇的腳趾伸展操後，就能挺直腰桿筆直步行，離開時還忘記把枴杖帶走……\n因類風溼性關節炎與腳趾關節脫臼，走起路來很痛苦，就連做家事或散步都不太行，伸展腳趾揉一揉，竟然當天就能走路了。\n難受的腰痛治好了……擺脫嚴重的膝蓋疼痛了……肩膀僵硬沉重的症狀消失了……拇趾外翻治好了，可以穿喜歡的鞋子……擴張的骨盆也逐漸收緊了。\n●腰痛●膝蓋痛●骨盆歪斜\n●O形腿●水腫●駝背\n●靜脈瘤●鑷狀甲●拇趾外翻\n這些問題都能解決！\n擁有一輩子都能健康走路的身體，關鍵在於「腳趾」。\n腳是骨盆、背脊、頸骨等一切的基礎，若是腳部歪斜，全身也會連帶歪斜。\n相反的，只要調整腳部，就能矯正身體歪斜、舒緩疼痛。', 6, 0, 0, 'http://cdn.kingstone.com.tw/book/images/product/20141/2014160074380/2014160074380b.jpg', NULL, NULL, NULL, NULL),
(134, 'book', '做家事練大腦：健忘、詞窮、慢半拍……善用不同家事動作，對症訓練退化腦區，提升工作和學業表現', 221, '《做家事練大腦：健忘、詞窮、慢半拍……善用不同家事動作，對症訓練退化腦區，提升工作和學業表現》\n「做家事」就能鍛鍊大腦！\n★\n日本醫學博士獨創\n★\n依據腦科學原理設計，分區強化記憶、視力、表達等8大能力\n訓練大腦不需額外花時間，只要改變做家事的方法\n＜真人實證＞超過90歲，大腦持續進化\n換手擦桌子、踮腳晾衣服，小動作有活腦大功用\n有效預防失智老化，提高記憶力、工作效率\n●走三步就忘記自己要做什麼\n●老是想不出人名，用「這個、那個」代稱事物\n●經常問「你說什麼？」\n●東西就在眼前卻找不到\n●出門購物，常常漏掉該買的東西\n★你也有這些症狀嗎？常被人說健忘、少根筋，但這其實是「大腦發展不均衡」的證據。\n★腦科學解密！大腦當機的主因是「少用」，而不是老化\n我們明明平常工作有條不紊，生活也按部就班精打細算。但偶爾卻會大腦當機，忘東忘西、工作出包、衝動說話得罪人，打亂生活步調。這種偶發事件越來越頻繁，其實不是因為你老了，而是大腦使用不均衡。\n成人之後，工作只會運用大腦固定的區塊，使某些能力因而荒廢。例如記憶力變差，你已經多久沒像以前那樣為考試默背了呢？大腦的特性是「不用就會退化」，並非年紀大才記不住事情。\n★醫學博士設計專業有效的「家事活腦法」，促進大腦均衡發展\n加藤俊德身為醫學博士和腦科學專家，研究腦部影像25年以上，分析超過1萬人的大腦。為了解決大腦發展不均衡的問題，特別設計出利用家事鍛鍊少用腦區的方法。\n加藤博士從腦部MRI影像中發現，常常做家事的人，即使高齡也活力十足，甚至極少罹患失智症。所以根本不必另外花時間去上課開發腦力、鍛鍊大腦，只要利用一般的「家事動作」就能讓大腦越來越靈活。\n★做家事為什麼可以鍛鍊大腦？因為「人的行為」能夠改造大腦結構\n從醫學和腦科學的角度來看，做家事的時候，腦中的各個區塊會藉由神經網絡連結起來，可以活化的大腦範圍非常廣泛，例如：\n▌記憶腦區：收納、打掃、種菜加強活化記憶\n看似面熟卻想不起名字，經常忘東忘西，這是記憶路徑不夠活絡。「多回想」可強化長期記憶；短期記憶需要多默背，並和「時間注意力」相輔相成。\n[活腦家事]\n整理照片會勾起回憶，活化記憶迴路，種菜要不斷回想、比對成長狀態，都能訓練長期記憶。做菜時有意識地強迫自己試味道，比對幾分鐘前的味覺，則很能鍛鍊短期記憶。\n▌視覺腦區：打掃和居家布置訓練觀察力\n常常找不到眼前的東西，是因為大腦習慣快速掃視不留意細節。因此必須改掉看東西的習慣，訓練大腦準確捕捉視覺資訊，讓自己「刻意去看東西」。\n[活腦家事]\n改用掃把掃地需要逼自己仔細看哪裡比較髒，換季時換窗簾花色，可以使人下意識搜尋家中改變的地方，增加視覺敏銳度。\n▌感情腦區：把喜歡的人事物融入做家事\n一煩躁就吃甜點、很久沒有興奮感，是感情僵化的徵兆。研究發現，「懷念之情」和自己真心喜愛的事物，激活感情腦區的效果最好，能讓大腦產生正向的情緒波動。\n[活腦家事]\n做料理試著重現媽媽的味道，回想往事會勾起懷念之情。做家事根據心情換穿圍裙花色、假想家人是男神偶像做料理給他吃，大腦則會因為「喜歡」而活躍運作。\n▌思考腦區：做家事刻意給自己限制，訓練全方位管理能力\n思考退化的人懶得做規劃、判斷，所以不喜歡自助旅行，也很優柔寡斷。此時只要鍛鍊主掌決策的「自制力」，並且找機會增加日常動腦次數，便能恢復敏捷思考。\n[活腦家事]\n買菜限定預算，是克制購買欲望、訓練自制力的好方法。把剩菜改造成新料理、按照收衣順序晾衣，增加動腦次數去解決問題，還能一併強化規劃能力。\n▌理解腦區：換一種方法做家事，刺激好奇心與創造力\n大腦不想花力氣去了解別人的時候，會變得易怒、跟不上流行。促進理解的原動力，是需求和好奇，家事看似一成不變，但小小改變習慣，我們就會迫於實際需求，增進對自己和周遭事物的理解。\n[活腦家事]\n只用菜刀做料理，會激發人找出菜刀更多元的用法。改變收納方式，需要重新認識自己使用物品的習慣、頻率以及空間特性，大大開發理解力。\n▌聽覺腦區：用家事訓練自己對聲音更敏感\n經常漏聽重要資訊、看電視馬上看字幕，真正原因並非聽力下降，而是大腦失去「積極想聽懂」的欲望，所以會忽略聲音傳達的訊息。\n[活腦家事]\n邊聽廣播邊做菜，一心二用而且要複誦內容，必須逼自己努力聽懂，人對自己的聲音比其他聲音更敏感，更能刺激聽覺系統。看料理節目聽寫抄下食譜，會因為害怕分量出錯，像考試一樣專注聆聽。\n▌傳達腦區：把家事當作人際交流契機，變身說話達人\n衝動失言、總是最後才打email，是由於傳達腦區越來越不靈光。傳達的對象是人，因此只要利用家事豐富社交活動，就能在無形中促進表達能力。\n[活腦家事]\n多去小店、菜市場買菜，自然就會和老闆殺價、談食材新鮮度和料理作法，或是閒聊八卦等，練習到很多口語表達技巧。在臉書上分享料理照及心得，會因為想獲得更多認同按讚，不斷精進表達方式。\n▌運動腦區：做家事常用部位，就是運動腦區的核心\n寫字越來越醜，是運動能力退化警訊！顯示大腦無法確實指揮細微的手部動作，吃飯掉出碗外也是動作不協調的關係。此時只要加強活動口、足、手三個部位，就能強烈刺激大腦恢復活力。\n[活腦家事]\n打掃時換非慣用手擦桌子，大腦指揮手做不順暢的擦拭動作，要費更多力氣，增加腦部耗氧量，使腦區活動加劇。踮腳晾衣服，保持平衡需要相當大的肌力和精神，大腦感受到壓力，腦細胞成長會更明顯。\n★做一件家事，就能全面活化大腦！輕鬆不費力、效果極佳\n除了針對不同腦區，用單一的家事項目對症訓練，也有某些家事能夠一次同時訓練多個腦區。例如：特地依照家人喜好做料理。\n【依照家人的喜好做料理，可一次訓練八大腦區】\n（1）充分了解家人的喜好、心情、健康狀態，以及食材營養成分，運用＜理解腦區＞設計菜單\n（2）挑選食材需要仔細觀察新鮮度，擺盤配色也要誘人美觀，會積極使用＜視覺腦區＞\n（3）做料理必須熟記料理步驟、分量，途中試味道能喚醒過去的味覺記憶，活化＜記憶腦區＞\n（4）安排多道料理的順序，讓2～3道菜同步進行，需要＜思考腦區＞發揮作用\n（5）備料清洗、切菜、削皮、拌炒時，必須用手做各種動作，或來回走動拿取食材，刺激＜運動腦區＞\n（6）油炸和燉煮東西的時候，以聲音判斷食物熟成度，活化＜聽覺腦區＞\n（7）因為料理做得很成功，受到家人稱讚，自己也會覺得很開心，＜感情腦區＞活潑運作\n（8）拍下料理以及家人聚餐的照片，上傳到臉書和其他朋友分享，可以鍛鍊＜傳達腦區＞的表達力\n只要了解做家事的過程能刺激大腦什麼功能，便可確實活用腦科學原理，恢復荒廢的能力。千萬不能漫無目的地做家事，必須「有意識」針對重點進行訓練才能得到預期的成果。\n本書特色\n1、史上第一本結合家事和大腦訓練的科學活腦法。\n2、由醫學博士和腦科學專家執筆，專業經驗超過25年。\n3、以大腦分區訓練的方式，達到預防退化的最佳效果。\n4、列出68種大腦退化症狀，可以自我檢測各個腦區的健康狀態。\n5、分析各種家事動作活化大腦的益處，把勞動變成愉悅的收穫。', 13, 0, 0, 'http://cdn.kingstone.com.tw/book/images/product/20141/2014110733367/2014110733367b.jpg', NULL, NULL, NULL, NULL),
(135, 'book', '醫生為什麼會犯錯？找對醫生，問對問題，救自己一命！\r\n                          Get Inside Your Doctors Head:10 Commonsense Rules for Making Better Decisions about Medical Care', 205, '《醫生為什麼會犯錯？找對醫生，問對問題，救自己一命！》Get\nInside\nYour\nDoctors\nHead:10\nCommonsense\nRules\nfor\nMaking\nBetter\nDecisions\nabout\nMedical\nCare\n醫生不是神，醫生也可能會犯錯？！\n重要的是，關鍵時刻，你該如何與醫生溝通，救自己或身邊的人一命?！\n把握與醫生溝通的黃金時間，10法則教你有效溝通，當自己的救命恩人\n看到醫生的時間愈來愈少，醫生要看的病人卻愈來愈多。有效率的溝通不只節省時間，還能讓醫生準確判斷、救你一命。本書由專業醫生執筆，分析醫生看病的決策流程，告訴你就診時應如何提供醫生正確資訊，以及該如何與醫生討論病情、就事論事的方法。看完本書的１０個法則，不只能為自己或所愛的人做醫療決策，這黃金１０法則也同樣適用於工作與日常生活呢！\n「醫生知道的最多」的時代已經過去，醫病「共同決策」時代正式來臨。\n隨著醫療科技日新月異、考量的選項變多，加上從親友、網路等四面八方湧來的資訊……真相的揭露不再是單行道，只由醫生告訴病人訊息；以前普遍「認為醫生懂的最多，醫生的診斷、處方都是對的」的時代顯然已經過去了。\n醫生是人不是神，也是會有犯錯的時候，因此很需要病人／家屬的幫忙，在有限的看診時間內完整敘述發病經過、所有症狀，跟醫生討論自己的擔憂或困擾，才能儘量確保自身獲得正確診斷，藥到病除。而醫生也必須「心存懷疑」提高警覺，才不會被既定的想法侷限，影響正確判斷。\n＊10法則教你有效溝通，當自己的救命恩人\n當你要為自己或所愛之人做出醫療決策時，可以選擇適用的法則，幫助你在不同的情境下，跟醫生作最有效的溝通：\n◎法則1\n如果你不了解你正在做什麼，那就什麼都別做。\n◎法則2\n如果你正在做的事情有所成效，那就考慮繼續做下去。\n◎法則3\n如果你正在做的事情看來成效不彰，不妨試試換條路走。\n◎法則4\n在不清楚為何需要侵入性療法，且沒有徵詢第二意見之前，別同意接受治療。\n◎法則5\n如果你沒有任何不適症狀，醫生不會讓你更好。\n◎法則6\n不要完全相信別人，尤其是只堅持既定想法的人。\n◎法則7\n大多數的事情就像我們表面所看到的那樣，但有時也有例外。\n◎法則8\n當你的醫生對某些疾病不夠了解時，那很可能會害死你。\n◎法則9\n時間點是關鍵，而有時，時間甚至是解藥。\n◎法則10關懷與照護永遠是重要的藥方。\n有原則便有例外，本書還提醒讀者，什麼時候該套用這些法則？什麼時候又該打破它們?……為醫生－病人（或家屬）之間搭起有效溝通的橋梁。\n【小提醒】\n本書並不是要幫你診斷你是哪種疾病，或治療你的任何不適症狀。而是在你面對醫生時，書裡的實用法則能幫助你更有效地與醫生溝通，做出更好的醫療決策。如果你已出現任何不適或症狀，還是需要諮詢專業醫生。', 2, 0, 0, 'http://cdn.kingstone.com.tw/book/images/product/20141/2014190050262/2014190050262b.jpg', NULL, NULL, NULL, NULL),
(136, 'book', '無麩質飲食，打造健康腦！：揭開腸道菌影響腦力、免疫、心理健康的驚人真相\r\n                          Brain Maker:The Power of Gut Microbes to Heal and Protect Your Brain  for Life', 277, '《無麩質飲食，打造健康腦！：揭開腸道菌影響腦力、免疫、心理健康的驚人真相》Brain\nMaker:The\nPower\nof\nGut\nMicrobes\nto\nHeal\nand\nProtect\nYour\nBrain\nfor\nLife\n腦部健康的關鍵在腸道\n顧腸道就是顧大腦！\n新一波醫療革命已風起雲湧，最新醫學研究指出，你的大腦命運其實與你的腸道健康息息相關。你每天吃下肚的食物，正是身心健康最重要的變因。雖然你沒有生過什麼大病，但只要稍不留心吃下的食物，腸道生態就可能失去平衡。如果腸道的主宰是益菌，你就會感到身心舒暢，如果壞菌在腸道稱王，你就會病痛不斷。\n要改善腸道生態，至今沒有一種藥物的療效比得上飲食療法。本書引用許多重要臨床及實驗室研究的結果，讓你知道如何預防疾病，改善症狀，並掌握六大飲食關鍵：無麩質食物、健康油脂、益生質（腸道菌愛吃的食物）、益生菌、發酵食物及低卡食物，就能有效增加腸道益菌，改善體內發炎，提升大腦認知功能，一整天活力充沛。你會發現，健康活到老比你想的還要容易。\n◎醫學研究最前線：療癒身心、保護大腦的腸道菌\n‧讓大腦愉悅的血清素，有八九成是腸道中的神經細胞製造的！遠勝大腦的產量。腸道益菌愈多，你就愈快樂。\n‧「腦腸軸線」真的存在！腦腸是會互相影響的雙向道，腸道菌不好，大腦不會好。\n‧選擇低碳水化合物、富含優質脂肪、無麩質的食物。高糖低纖含麩質的食物只會加速壞菌增生，增加腸漏等發炎現象，使攸關人體基因表現的粒腺體受到傷害，免疫系統也會跟著遭殃。脂肪才是有益人體代謝的好燃料。研究顯示，總膽固醇高的人認知能力較好，可見膽固醇有保護大腦之功。\n‧大部分的腦部神經病變疾病，諸如阿茲海默症、自閉症、過動症，或是難纏的自體免疫疾病的患者，通常伴隨程度不一的腸道疾病。如能改善腸道健康，緩解發炎或退化，症狀就有望獲得大幅改善！\n‧抗生素是偉大的醫學發現，但它除了殺死有害人體的細菌，也會把腸道中的益菌一併殺光。如今已進入微生物治療的時代，許多利用細菌成功治癒病人的例子（如糞菌移植術），每天都在發生！', 15, 0, 0, 'http://cdn.kingstone.com.tw/book/images/product/20141/2014150387308/2014150387308b.jpg', NULL, NULL, NULL, NULL),
(137, 'book', '從此不再感冒！針對體質，治療兼預防，百毒不侵', 248, '《從此不再感冒！針對體質，治療兼預防，百毒不侵》\n感冒就是生病，而且是百病之源！3分鐘檢測體質，對症輕鬆治療：發燒、咳嗽、喉嚨痛、痰多、流鼻水、打噴嚏……徹底斷根。\n很多人都認為感冒是小毛病，就算不看醫生，大概七到十天，身體就會自然復原，所以不用太在意。但，──真的沒事了嗎？\n「奇怪，感冒好了之後，我就一直頭痛耶！」\n「不知道為什麼，自從上次感冒後，我鼻子變得好敏感，動不動就打噴嚏。」\n「感冒過後，我經常白天也咳、夜晚也咳，只是程度沒那麼劇烈，痰也很少……」\n如果你從某次感冒後身體就開始出現一些變化，像是反覆感冒、感冒不容易好、小毛病不斷、身體虛弱、久病不癒、小病變大病……等等，依照中醫的角度來看，這就是感冒沒有治好，或者感冒治錯成為「壞病」，讓外邪伏藏在體內變成「伏邪」，繼續在體內破壞的結果。因此中醫認為，感冒絕對是萬病之源，不能等閒視之！\n感冒不根治，小心留下後遺症！\n為什麼中醫會這麼嚴肅看待小感冒呢？那是因為感冒除了影響呼吸系統、腸胃系統外，一旦讓它潛伏在人體中，它就會趁機對我們的五臟六腑、經絡系統、皮肉筋骨伸出魔爪。\n例如感冒一開始受到外邪入侵，常見皮膚、口鼻失守，這時會出現發冷、發熱、流鼻水等現象。接著外邪向經絡前進，阻擋了氣血的運行，造成全身痠痛，並長驅直入至肺臟，引發咳嗽、痰多、慢性支氣管炎，甚至氣喘。另外，當肺功能亮起紅燈，脾和腎也會遭受波及，這時候，就可能出現消化功能不良、缺乏食慾、四肢倦懶、全身疲累等症狀。\n此外，體內水分代謝也會發生障礙，若水患發生在心，就會引起胸悶、心悸、心血管疾病、風濕性心臟病等；若發生在腸胃，則引起噁心、腹瀉等不適；若發生在經絡或筋骨，可能出現肩頸痠痛、腰痛，甚至關節痠痛、肌肉無力；若發生在皮膚，或許導致搔癢、濕疹。\n大多數人經過服藥、休息後，表面上不舒服的症狀解除了，以為感冒好了，但事實上，身體的防禦系統已遭風邪破壞。如果感冒沒有運用適當中藥，以及刮痧、按摩、藥膳等外治法來趕走風邪，它就會持續駐留體內，一逮到機會便伺機而動、大肆破壞，有時就算只是一次小感冒，也有可能在短時間內，就引起重大疾病，甚至奪走生命！\n搞懂體質、對症調理，養成百病不侵的好體質！\n有感於現代人常為感冒病根所苦，導致百病叢生，台北市立聯合醫院資深中醫師楊素卿，與上海鼎瀚中醫院長黃宗瀚共同聯手，結合老祖宗智慧與臨床看診經驗，傾力傳授中醫4大外治法：「藥膳食療」、「口鼻薰蒸」、「泡足浴」、「穴位按摩」，以及獨家秘方耳珠療法，針對7大體質，根治疾病。教你如何緩解發燒、咳嗽、頭痛、喉嚨痛、流鼻水、打噴嚏、腹瀉、全身痠痛等感冒8大症狀。\n像是「冷底」的人容易罹患風寒型發燒，也就是怕冷、低溫高燒，這時可用荊芥防風泡薰蒸浴加刮膀胱經，如果是「熱底」的人罹患風熱型高燒，發燒時容易高燒不退、身體燥熱，鼻涕或痰濃稠且黃，可用用蘆根柴胡做口鼻薰蒸與泡足浴，或喝銀花魚腥草茶，可有效散熱退燒。\n若是「冷底」的人罹患風寒型咳嗽，咳嗽時怕冷、痰清，咳到上氣不接下氣，可用熱水袋敷背、甘桔紫苑熱熏氣療，或按一按列缺穴和合谷穴，都可緩解咳嗽；一吹到風就頭痛的人，煮艾葉水熱敷後腦勺，可有效減輕頭痛……等等，每一種都是針對不同體質、對症有效的良方，而且方法簡單易上手。\n除了傳授緩解症狀、根治感冒的DIY妙招，本書作者還傾囊相授杜絕流感與感冒的法寶──中藥香囊、耳珠療法和食療，幫你全方位提升免疫力、養成百病不侵的好體質。像是有助活血行氣的艾葉、補氣益血的肉桂，可做成冬季專屬防流感香囊：只要按一按耳朵穴位，就可促進氣血循環，預防感冒；龍眼乾+紅棗泡茶喝，可強身健體，特別適合銀髮族、產後婦女與體質虛弱者。本書還特別附上適用各種體質的「24節氣養生飲」，作法簡單、人人都可以飲用，讓你感冒、流感不上身！\n本書特色\n2大名中醫聯手教你終結感冒、預防百病、體質養生：擁有四十多年臨床經驗的資深女中醫師楊素卿，與上海首位執業的台灣籍中醫師黃宗瀚，聯手打造台灣第一本破解各種感冒症狀、預防百病的體質養生書！傾力傳授老祖宗生活智慧，教你因人施治掌握感冒照料重點和方法，避免感冒威脅、重拾健康。\n破除10大感冒迷思，再也不怕留下病根：你認為「感冒沒什麼」、「感冒自己會好」、「感冒是吹到風引起的」嗎？錯！本書告訴你，感冒後身體變差、動不動就感冒、久病不癒或小病變大病，都是感冒未根治所留下的後遺症，當身體的防禦系統不足或出現漏洞，大小病症就會接連不斷，甚至因小病死亡，感冒可說是萬病之源，千萬不能輕忽。\n10分鐘快速檢測，讓你掌握自己體質：你有試過感冒時喝薑茶、枇杷膏，喉嚨痛時用鹽水漱口、喝檸檬水，或發燒時泡熱水澡、蓋棉被逼汗……等，對別人有效對你卻沒效的經驗嗎？這是因為每個人體質不同的緣故，想知道自己適合哪種療法，就要先知道自己的體質。本書提供「7大體質檢測表」，只要10分鐘，就能掌握自身體質，用對的方法根治感冒。\n針對體質，一舉殲滅感冒各種症狀：除了吃藥還有什麼治感冒的方法呢？本書提供口鼻薰蒸、泡足浴、藥膳茶飲、穴位按摩等破解各種感冒症狀的4大對症療法，例如：俗稱冷底的陽虛體質，咳嗽時以紫菀+甘草+桔梗+熱水做「口鼻薰蒸」，可止咳化痰；頭痛時用生薑+紫蘇葉煮「茶飲」來喝，可緩解頭痛。而熱底的陽盛體質，發燒時做背部刮痧的「穴位按摩」，有助散熱降溫；鼻涕或痰黃且濃稠時，用金銀花+菊花+薄荷做「泡足浴」，可解熱、抗發炎……等，療法多元且完整，可依個人狀況挑選使用，便利又實用。\n老祖宗智法寶，預防流感＆感冒有撇步：本書特別提供「預防流感」與「預防感冒」的2大法寶：(1)中藥香囊──依春、夏、秋、冬與長夏等季節佩戴，讓你強化抗菌力，輕鬆「預防流感」；(2)耳珠＆食療──依個人體質，透過刺激耳珠來疏通經絡穴位、促進氣血循環、強身健體，並搭配食物和藥材性味來改善體質弱點，達到「預防感冒」的效果，讓你有如金鐘罩鐵布衫護體，不怕病來磨！', 2, 0, 0, 'http://cdn.kingstone.com.tw/book/images/product/20141/2014130382712/2014130382712b.jpg', NULL, NULL, NULL, NULL),
(138, 'book', '急診室SOP：到急診室前必須知道的基本醫學常識', 198, '《急診室SOP：到急診室前必須知道的基本醫學常識》\n「急診女醫師其實.」是一位在急診室工作快十年的急診主治醫師所開設，粉絲專頁的初衷是希望與大家分享急診生活，並傳達民眾應知的醫療知識！她以逗趣的手\n法，介紹常見的醫學常識。希望大家能快樂地吸收知識！若您的醫師的說明和這裡寫的不同，也不用覺得奇怪！因為每個人的身體狀況本來就不同喔！\n本書收錄了40種急診常見的疾病，以及20則站在第一線醫護人員的心聲，以漫畫的方式將其表達出來，書中還以簡單的文字，補充說明了正確的醫療常識，以避免誤導讀者。\n本書特色\n1.以漫畫的方式，將正確的急診、醫療知識傳遞給讀者，閱讀輕鬆且常能令人會心一笑。\n2.作者本身就是國內少數的急診室女醫師，且為急診專科醫師，有豐富的急診經驗，在書中提出許多專業的觀點，有別於目前市售同性質書。\n3.將疾病以繪圖的方式做詳細的解說，教導正確的預防及保健方式。\n4.書中特別獨立繪製了關於健保制度的優缺點，讓一般及專業人士都更容易明白。', 3, 0, 0, 'http://cdn.kingstone.com.tw/book/images/product/20141/2014150372151/2014150372151b.jpg', NULL, NULL, NULL, NULL),
(139, 'book', '現在開始，別再做錯！自然醫學博士教你真健康常識', 253, '《現在開始，別再做錯！自然醫學博士教你真健康常識》\n★2014日本爆紅健康書，各大媒體爭相報導，引發民眾瘋狂討論！\n★最有良心的自然醫學博士，踢爆44個「假健康法」的真相！\n網路氾濫的「健康知識」，你都相信嗎？\n你是否也認為所謂的「養生法」，人人都適用？\n事實上，我們都被「沒有具體醫學根據」的謠言給騙了！\n日本權威醫學博士公開說明「會害死人的44個健康法」，\n幫助你重新建構真正的健康常識！\n‧以為……可以抗癌的「精力湯」，竟會造成身體寒涼，反而招致癌症！\n‧聽說……少吃膽固醇會健康，竟會導致腦中風及癌症！\n‧據說……多喝水促進血液循環，但喝太多冷水造成血液濃稠！\n‧本來……因健康用植物油炒菜，卻易形成「過酸化脂質」，使血液黏稠！\n‧因為……愛美怕黑而防曬拒絕紫外線，竟提高大腸癌機率！\n‧為了……減重去慢跑、健身房運動，居然有縮短壽命、猝死風險！\n原來，你我全都被坊間流傳的所謂「假健康法」給鬼遮眼了！\n唯有知道「真健康法」，才能「不再上當」，\n避免再讓錯誤的「一知半解」害死自己！\n本書特色\n為了想要遠離疾病、追求健康、活出青春，你是不是也聽信坊間流傳的各式各樣「健康常識」「健康法」，並且努力執行著？！\n然而，這些你所信以為真的所謂「健康常識」，以及天天照做的「健康法」，經常是缺乏具體的醫學根據，甚至錯誤百出，而且還可能讓你增加中風、中毒、罹癌的風險！\n自然醫學博士在此書中針對這些缺乏醫學根據的「危險常識、健康法」進行驗證和說明，讓你不再沉迷在錯誤訊息與方法裡，全力降低疾病入侵的機率！\n◎\n現在開始，別再做錯！\n●為了排毒，每天都要喝大量的水？！\n每天能夠排出素素的尿量最多只有1500CC，過多而法排出的水分，會引起濕毒，血液中的水分過多，血壓變高，也可能引起中風！\n●為了降低膽固醇，絕不碰肉類食品？！\n事實上，目前尚未有任何一個研究數據顯示人類攝取動物性食物會提升膽固醇！而且，動物性脂肪攝取越少，中風機率愈高！\n●為了瘦身，完全不吃碳水化合物？！\n完全不吃碳水化合物，胰島素就不會分泌，久之對肝臟和腎臟造成負擔，甚至酮酸中毒，引發各種疾病！\n●為了健康，所以天天瘋跑步？！\n根據調查，在運動中死亡的數據最高的就是跑步！被尊稱為「慢跑教主」的James\nF.Fixx就是在慢跑中引發心肌梗塞猝死的！\n●為了胃酸，經常用胃藥抑制症狀？！\n長期服用胃抑制胃酸的藥物，會抑制身體為了保持正常狀態的運作，讓幽門螺旋桿菌有機可趁，增加胃癌的機率！\n◎本書4大特點，讓你學會正確「健康法」不再做錯、吃錯！\n◆特點1→→→「專家實證」！自然醫學博士告訴你，有醫學根據的才可靠！\n本書作者川嶋朗是自然醫學博士、醫療大學教授、自然醫療研究所臨床診所所長，因為看著巿面上琳琅滿目，打著「健康」旗幟的常識、方法等等，但其實許多都是沒有醫學根據的錯誤訊息、危險方法！而且，作者強調，沒有一個健康法是適用於所有人的！\n◆特點2→→→「揭露真相」！導正社會大眾被誤導的健康訊息！\n大家信以為真、奉為圭臬的健康方法，其實暗藏玄機，不明究理的你我，只一味的跟著照做，沒有真正瞭解，只會引病上身！──究竟我們所認知的觀念有哪些並不正確？甚至大錯特錯\n？本書有最精闢的分析說明，提醒你別再繼續害了自己！\n◆特點3→→→「導正觀念」！拿出醫學根據說明健康方法的是是非非！\n「健康觀念」不是人人照做就會人人都健康，如何瞭解這些觀念和方法的正確性和真實性，進而選擇適合自己的方法，才能夠真的達到健康的目的，也才不會產生引病上身的負面效果，反而得不償失！\n◆特點4→→→「全面分析」！深入淺出帶領讀者追根究柢以求自保！\n強調可以達到健康的目的「方法」，經常會引起跟瘋潮，但是否都來自可信的醫學研究，卻常是被忽略的重點！作者以醫學數字、實證佐證，讓你真正搞懂「健康法」是否萬用又健康！', 9, 0, 0, 'http://cdn.kingstone.com.tw/book/images/product/20141/2014110708396/2014110708396b.jpg', NULL, NULL, NULL, NULL),
(140, 'book', '打造身體一生不積毒的方法：九成的疾病可以靠它來預防！', 221, '《打造身體一生不積毒的方法：九成的疾病可以靠它來預防！》\n本書的主軸即是介紹「身體百毒不積」的方法。\n在我們日常的生活裡，充斥著形形色色的「毒素」。像是平時的飲食及生活習慣，都潛藏著「讓身體容易生病」的「毒物」。然而，平常我們認為的「毒」，如放射線等，只要運用得宜，一樣能變成「藥」；一般認為會危害身心的「壓力」如果消失了，可能還會導致過敏症狀等健康上的危害，其實問題不在於壓力本身，而是與和平共處的方式。\n為了健康著想，最重要的便是了解這一類—「跨一步成毒素、越一步成良藥」—的道理，並且把這項智慧融入到生活中。換句話說，了解身體的作用機制、疾病的發生機制，以及藥物和醫療的實際現況等這一類「事物的本質」，正是「擁有健康身體的第一要件」，而這也是本書提到的打造「不累積毒素的身體」的起點。\n本書中主要介紹的，即是利用自己的力量提高健康程度的重要方式。也就是讓身體回歸自然的狀態，打造「健康程度高而強健的身體」，引導身體，讓體內的毒素自行衰竭的智慧。\n本書重點\n不累積毒素的身體，\n就是「終生長保健康活力的身體」\n在我們日常的生活裡，充斥著形形色色的「毒素」與「藥物」。\n就像平時的飲食及生活習慣，都潛藏著「讓身體容易生病」的「毒」；而一般我們認為對身體有害的「壓力」，只要處置得宜，反而是讓身體更健康的「藥」。\n最重要的是了解「跨一步成毒素、越一步成良藥」的道理，並且把這項智慧融入到生活中。\n而與身心之「毒」對抗的方法只有一招，終歸一句就是養成「提高健康程度」的習慣。\n從今天開始養成有益身心的習慣：\n■從「不要拼過頭」到「游刃有餘」！\n■「不要吃太飽」是保持身體年輕的基本原則。\n■不要認為「藥有效＝病會好」。\n■打造終生「血液通暢的身體」。\n■睡得沉酣、通體舒暢──「不累積毒素」的熟睡法。\n■走路—最簡單又有效的保健方法\n良醫傳授！大幅提高「健康程度」的方法：\n■減少「活性氧」，你的身體就能恢復年輕！\n吃飯七分飽，確實能大幅延長壽命\n提高生命力的兩種方法—溫冷浴、飢餓刺激\n重要營養成分—植生素的攝取方式\n■「遠離醫師及藥物的生活方式」，究竟該怎麼做才能實現？\n不要認為「藥有效=病會好」\n提昇健康程度的「營養補給品」是什麼？\n學會自行診斷的「四週規則」\n■「心靈健康法」消除揮之不去的不安及憤怒\n不安及憤怒只會「縮短壽命」\n「非做不可」的態度，最好適時放下\n打造一顆終生「不累積毒素」的心\n■提高免疫力的「食物及飲食法」\n不要吃「有熱量卻沒有營養的東西」\n一開始「先吃蔬菜」—不累積毒素的飲食順序\n「吃什麼」其實跟「和誰一起吃」一樣重要', 10, 0, 0, 'http://cdn.kingstone.com.tw/book/images/product/20141/2014110710887/2014110710887b.jpg', NULL, NULL, NULL, NULL),
(141, 'book', '不要輕蔑免疫力', 253, '《不要輕蔑免疫力》\n一出版即蟬聯數週健康醫學類別TOP\n3\nAMAZON.JP\n5顆星推薦\n我們的身體原本就具備驚人的防禦力與恢復力，\n只要從「細胞層次」，喚醒這沈睡的機制，就能擁有真正的健康\n。\n──世界級免疫醫學權威\n矢﨑雄一郎\n人生的品質，\n取決於身體「免疫的質」。\n你確實提升了「免疫力」了嗎？\n你一定知道沒有「免疫力」，就不可能有「健康的身體」；\n但你一定不知道缺乏「樹突細胞」，就絕不可能擁有「免疫力」。\n過去的免疫論點，多半是訴求製造出令免疫細胞活化的「環境」：\n──防止免疫功能降低，避免細菌或病毒等外敵侵入身體\n──提高免疫功能及免疫的運作效率\n最新的免疫論點，則是提倡從「細胞層次」來強化免疫機能：\n──防止「先天免疫」的功能下降，以保護身體避免受到無數抗原侵襲。\n──提高「後天免疫」的功能，\n進而學習可因應各種抗原的能力。\n然而，能確實大幅提升免疫力的關鍵，\n就在於活化掌管人體整個免疫機能的細胞──「樹突細胞」。\n「活化樹突細胞提高免疫力」的健康法，\n只需藉由「飲食為主，運動為輔」的生活，\n便能輕易打造出身心靈完全平衡的健康體。\n①攝取能活化「司令官細胞」的飲食\n②在「出汗之前」停止運動\n③營造「沒有壓力」的環境\n本書不主張仰賴補充劑或蛋白質等，或是勉強鍛鍊身體，\n而是從改變飲食、運動、睡眠等生活習慣，\n來提升人體原本就具備的「生存力」。\n◆每天刷一次或兩次牙，效果有很大的差異\n◆務必在「口渴之前」補充水分\n◆「上廁所」和「打哈欠」不可忍耐\n◆生活要以「食」為主，「運動」為輔\n◆最佳的健康食品是「發酵食物」\n◆泡完澡時冰的飲料NG，優酪乳OK\n◆蔬菜最好選擇氣味香的種類，並且「連皮一起吃」\n◆進行輕量運動，一旦開始燃燒時就停止\n◆追求120％的快樂', 3, 0, 0, 'http://cdn.kingstone.com.tw/book/images/product/20141/2014110711969/2014110711969b.jpg', NULL, NULL, NULL, NULL),
(142, 'book', '祛寒、吃薑、有技巧喝水，Dr.井奧這樣做，擺脫30年頭痛', 237, '《祛寒、吃薑、有技巧喝水，Dr.井奧這樣做，擺脫30年頭痛》\n頭痛，其實是身體在抗議！\n一個被頭痛糾纏30年的醫生，\n從外科治療現場轉至預防營養醫學，對抗頑固偏頭痛的親身告白！\n本書將幫助你徹底預防頭痛，因為書中記錄了從來沒有人告訴你的「頭痛的真正原因」\n據統計，全台有超過210萬的頭痛患者。\n其症狀從鬢邊咻咻叫（太陽穴抽痛）、眼窩疼痛、頭部緊繃、擴散到雙眼畏光、胸口鬱悶、嘔吐都有……\n台灣更領先全球發現，18至45歲的年輕族群若罹患偏頭痛，日後發生心絞痛、心肌梗塞的風險，比沒有偏頭痛者高出1.5倍！\n你是不是也有這樣的困擾呢？\n當你，或是身邊朋友頭痛發作時，是否恨不得想來根鐵槌敲昏自己呢？\n不要再痛苦了！頭痛這種事，生活療法勝過吃百藥\n能為你根治頭痛的，不是方法，而是生活態度！\n曾被重度頭痛困擾的日本營養學名醫‧井奧昇志完整公開個人預防慢性頭痛的18個生活習慣！\n‧喝水\n含水：把水含在口中使水溫接近體溫\n咬水：混合水與唾液，幫助身體吸收\n分段喝水：每1.5小時補充200ML\n‧吃薑祛寒\n薑片、薑粉：擴張血管、溫暖身體\n‧少吃含糖食物\n‧避開三白食物\n‧攝取好油\n‧享受空腹……\n跟著營養學醫師這樣做，擺脫30年頑固頭痛！\n【本書特色】\n１．日本營養學名醫‧井奧昇志醫師的首本著作，分享擺脫30年頑固頭痛的經驗。\n２．整理井奧醫師每日執行的祛寒食療生活18招，簡單有效，幫助你從根基顧好身體。\n3．收錄頭痛因素檢核表，14個關鍵選項判斷你的頭痛成因，有效驅除頭痛。', 2, 0, 0, 'http://cdn.kingstone.com.tw/book/images/product/20141/2014150388220/2014150388220b.jpg', NULL, NULL, NULL, NULL),
(143, 'book', '養生必知的小偏方套書(醫生不會告訴你的疑難雜症小偏方┼日常小偏方)', 419, '《養生必知的小偏方套書(醫生不會告訴你的疑難雜症小偏方┼日常小偏方)》\n本套書內容主要選自台灣新生報所發行養生文化報的「疑難雜症治癒談」專欄。該專欄於二OO四年開闢，前後歷時十年，旨在使「疑難雜症」的患者，有機會把他們患病以及長期摸索治療的經過，做一完整報導，供讀者參考。由於內容著重在「病情」與「摸索治療」的經過，參考價值極高，因此引起廣泛的迴響。\n我國自古流傳偏方、驗方、祕方……均為漢醫學的一部分。漢醫學始自神農嚐百草為其濫觴，迄今已有五千餘年的歷史，由此可證其存在的價值。尤其自然醫學興起，不少疑難雜症患者期望擁有一本「淺顯易懂、實用性高，並可在家自診自療」的參考書籍，而本套書所收集之內容，則為患者就本身病況及治療經過所為之陳述，讀者可就文章比對自已的病情，從而選擇適合的方式治病，並期望能達到「自己的病自己醫」的目的。\n本書特色\n★為台灣新生報「疑難雜症治癒談」專欄結集出書，連載近十年之久，獲得讀者熱烈回響\n★淺顯易懂、實用性高，在家自診自療的最佳參考指南！', 8, 0, 0, 'http://cdn.kingstone.com.tw/book/images/product/20141/2014130406715/2014130406715b.jpg', NULL, NULL, NULL, NULL),
(144, 'book', '蹲一蹲，健康、長壽、除病痛', 213, '《蹲一蹲，健康、長壽、除病痛》\n蹲一蹲，可以顧心臟、增加肺活量，可以延年益壽活百歲。\n蹲一蹲，可以消除全身酸痛現象，還可提升性能力、增加彈跳力。\n蹲一蹲，是一項很好的減肥方式，特別是腰、臀部、腹部減肥。\n深蹲是一種氣力練習，可以很好地鍛鍊腰部、臀部、大腿的肌肉氣力。\n「深蹲」在人體新陳代謝中還會繼續消耗體內的脂肪，\n因而能夠有效燃燒脂肪、改善體型。\n身體要健康，情緒很重要\n近年來，中醫學的心理保健思想正在逐漸引起人們的注意，當代社會由精神因素引起的心身疾患亦愈來愈多。在現代生活中，物質生活極端豐富，各種各樣的疾病相繼出現，這些疾病的產生與社會心理情緒因素又有著密切關係。\n世界衛生組織給健康下的定義是：健康不僅僅是沒有疾病，而且是「個體在身體上、精神上、社會上完好的狀態」。\n由於「人類已進入情緒負重的非常時代」，當代社會由精神因素引起的心身疾患已是人類社會普遍存在的多發病和流行病。從現在疾病譜中的改變可充分說明精神致病的廣泛性，心腦血管疾病和惡性腫瘤已經構成對人民健康和生命的主要威脅，而這些病的產生與社會心理因素有著密切關係。所以說，情緒跟你身體的健康有著密不可分的重要關係。\n情緒，就是喜、怒、憂、思、悲、恐、驚七種，也就是說，是人的七種不同的情感反應。七情是人體對外界客觀事物的不同反映，是生命活動的正常現象，正常情況下，人的情感反應，當然不會發病。\n但在突然、強烈或長期性的情志刺激下，超過了正常人體心理承受能力和調節能力的生理活動範圍，而又不能適應時，使臟腑氣血功能紊亂，就會導致疾病的發生，這時的七情就成為致病因素，而且是導致內傷疾病的主要因素之一。\n中醫認為七情分屬於五臟，為五臟所主。正常情況喜為心志，怒為肝志，思為脾志，悲（憂）為肺志，恐（驚）為腎志。當不正常情況時，也就是說情緒對臟腑有三種主要影響：第一，影響臟腑氣機，七情致病，主要影響臟腑氣機，使氣血逆亂，導致各種病證的發生。\n其中主要有：怒則氣上、喜則氣緩、悲則氣消、思則氣結、恐則氣下、驚則氣亂；第二，直接傷及內臟，七情過激可直接影響內臟生理功能，而產生各種病理變化，不同的情緒刺激可傷及不同的臟腑，產生不同病理變化。\n如《素問•陰陽應象大論》中所說，「怒傷肝」、「喜傷心」、「思傷脾」、「憂傷肺」、「恐傷腎」；第三，情緒波動，可致病情改變情緒活動的異常，既然能直接傷及內臟，影響臟腑氣機，而導致疾病的發生，那麼，對已患的疾病就必然有所影響，或使病情加重，加速惡化，甚至導致死亡。\n由此可見，心理、精神狀態對於人的氣血和五臟六腑有著十分重要的影響，人們常說的因鬱致病也就是這個道理。所以我們絕不可忽視情緒對健康的重要。\n其實在這個科學高度發達的現代社會，我們對自己的身體可以說是夠不錯的了，當我們的身體出了狀況，我們會立刻去醫院看醫生、吃藥、打針，力求在最短時間內讓它恢復正常，不只如此，即使我們沒病的時候，我們也會吃一些強身健體的維他命和補藥什麼的，有時我們對自己身體的過度呵護已經接近於父母對自己孩子的嬌生慣養了。但我們對自己思想上的健康好像不是那麼在意，有點大而化之。\n何謂思想健康？用科學家的術語來說，思想健康就是調控自己情緒的能力、保持隨時可以被激活的智慧、符合社會道德觀念的行為和快樂的心態。\n但是，我們確實會有亂發脾氣的時候，甚至對別人說一些尖酸刻薄的話；而在行為方面，我們也不是時時刻刻都那麼嚴格地要求自己的，有時也會不經意地做出一些損人利己的事情；我們更是無法永遠保持快樂的心態，相反，很多時候我們表現得憂鬱、暴躁、對生活厭倦。那麼這是不是說明我們的情緒及思想有病了呢？沒錯，這就是情緒病。\n情緒不良，對身體健康危害甚巨。因為人在內外界的刺激作用下，伴隨著情緒體驗，人體內會發生一系列的生理變化。例如呼吸系統、循環系統、消化系統、內分泌腺、外分泌腺及其代謝過程的相應變化。一但刺激過分激烈或時間過長時，生理上相應的變化就會加劇，導致生理上的疾病產生。例如暴怒容易引起因血管疾病，出現高血壓、爆血管的危險；緊張容易引發胃筋孿、胃痛；過大的心理壓力會產生便秘、筋骨酸痛……等等。所以，想掌控自己的健康，學會調控情緒是非常重要的一步。', 7, 0, 0, 'http://cdn.kingstone.com.tw/book/images/product/20117/2011760285420/2011760285420b.jpg', NULL, NULL, NULL, NULL),
(145, 'book', '非常識醫學書──日本三大名醫聯手打破你的醫學迷思', 253, '《非常識醫學書──日本三大名醫聯手打破你的醫學迷思》\n你可以不生病！每個人都擁有身體的自癒力！生病是因自律神經的紊亂、血液循環不良與免疫力低落所引起，如果你能開始捨棄你的醫學常識，意識到自身擁有治療疾病的能力，就可以預防與治療好你的疾病，從此刻起健康一生！\n※有史以來第一次日本三位健康書籍暢銷書醫師共同合著的著作※疾病預防家庭實用書，把家醫科醫師帶回家※打破非常識了解自身擁有治療疾病能力的入門書※針對西洋醫學所產生的各種問題，提出改善方式※可根據此書搭配組合，量身打造自我健康書※三大名醫告訴你如果自己罹癌的話他們會怎麼做！\n◎三大名醫「非常識治療醫學理論」※安保徹醫師──透過研究得到各式各樣的臨床報告，發現疾病是交感神經與副交感神經失衡所引起的「自律神經免疫理論法則」。※石原結實醫師──運用中醫和自然療法，探求出疾病的成因是水毒、虛寒和燥熱，提倡「紅蘿蔔蘋果汁」的斷食療法。※福田稔醫師──藉由「自律神經免疫療法」來改善血和氣的流動，並結合在居家就能做的手指按摩療法。經由這三位醫師的個別理論與方法，大多數人都可以維持健康；並在重獲健康的病患身上，獲得相當大的好評!!暫時去除病痛的對症療法有時候也很重要。但是，對病患說明引起疾病的原因，讓醫師和病患共同實行改善的方式，這才是所謂的治療醫學。\n◎不生病的醫學非常識非常識1\n認真地服用藥物會生病\n非常識2\n不使用藥物治療疾病會痊癒\n非常識3\n能從身體排出東西是健康的基礎\n非常識4\n壓力過大和體溫偏低會生病\n非常識5\n水分攝取過多的會引發水毒症\n非常識6\n做白血球分類計數檢查很重要\n非常識7\n具有生命的食物正是天然的藥物\n非常識8\n紅蘿蔔蘋果汁是魔法藥水\n非常識9\n治療疾病會反射出不同的疼痛程度\n非常識10\n比起延長平均壽命更應該要延長健康壽命\n非常識11\n多喝生薑紅茶不生病\n非常識12\n認識頭寒腳熱的真正意義\n◎聯手打破你的醫學迷思＊只要擁有醫學非常識，可以消除和治癒疾病＊明白疾病的成因，是改善健康的第一步＊「症狀」是身體提出改善的自我要求訊號＊要吃有生命的飲食，才能從食物中獲得健康＊一運動到肌肉，血氣就會跟著動起來＊從溫熱內部開始，你的身體跟著改善起來＊只要用對生活方式就能改變整個人生＊在不同的季節、天氣，甚至在一天當中都會有不同的自律神經節律＊疾病的本質是血液污濁，癌症是血液的淨化裝置，發燒和轉移是對癌症反擊的開始＊異位性皮膚炎是從皮膚排出來的老舊廢物和多餘的水分，必須改變孩童的生活形態才能治癒＊治療疾病的過程中，復發是必然的附帶現象＊對付高血壓，要減少的是水分\n＊聰明的停藥可以改善健康＊體溫偏低是憂鬱症的主因，身體發冷的話心也容易變冷＊使用消炎鎮痛劑會導致疾病變得難以治癒＊不是要「治療」疾病，而是要「恢復原本狀態」\n◎幫助你從生活中對疾病產生免疫生病是自律神經失調，根本原因在於壓力。生病是因血液不乾淨和體溫變低，只要斷食和體溫上升的簡單運動。生病是因為氣與血不通，只要用給予刺激的自律神經免疫療法。三位致力於治癒疾病的知名醫師，集結他們的觀點與治療法，針對醫療的各種問題，包括過度依賴藥物、對症治療方式的疑問、診斷疾病的方法、飲食生活和運動的重要性等等，運用他們廣泛的觀點，為診斷疾病、維持與增進健康方面，提出改善的方式。冀望能對因疾病而苦惱的病患及家屬有所幫助。三位年齡、體質和性格迥異的醫師，根據各自過去的經驗，並針對疾病的考量方式與治療方法所研發出來的體系。經由這三位醫師的個別理論與方法，大多數人都可以維持健康，拜讀過這三位醫師的書籍而重返健康的病患身上，獲得相當大的好評。針對西醫所產生的各種問題，包括過度依賴藥物、對症治療方式的疑問、診斷疾病的方法、飲食生活和運動的重要性等等，運用他們廣泛的觀點，為診斷疾病、維持與增進健康方面，提出改善的方式。作者簡介安保徹\n（世界知名免疫學者）醫學博士，1947年出生於日本青森縣，畢業於日本東北大學醫學院。日本新瀉大學大學院醫齒學總合研究科，免疫學、醫動物學領域的教授。1980年在美國阿拉巴馬大學留學期間，完成「對抗人體NK細胞抗原CD57的單株抗體」的研究，並命名為「Leu-7」。1989年發現「胸腺外分化T細胞」。1996年闡明「自律神經控制白血球結構」等許許多多的發現震驚全世界。是世界知名的免疫學者。著有《喚醒身體免疫力－不吃藥讓你更健康》（世茂出版）等。石原結實（被公認是最容易讓人理解的醫學解說家）醫學博士，1948年出生於日本長崎縣。日本長崎大學醫學部畢業、修完日本長崎大學大學院博士課程。曾在以長壽著稱的高加索地區（喬治亞共和國）專攻血液內科，以及在瑞士研究最新的自然療法。現為石原診所院長，同時主持在日本伊豆地區以健康增進與改善為目的的「斷食道場」。在這裡有三萬人以上有「紅蘿蔔蘋果汁斷食」的體驗者，也有許多知名人士參加。在電視節目、廣播媒體等等的健康節目中，被公認是最容易讓人理解的醫學解說家。著有《淨化血液不生病──34種食物讓你血液清澈》、《體溫太低，當然會生病！》、《37℃讓你不生病》、《剷除萬病的元兇─淨化血液健康法》、《胡蘿蔔．蘋果汁健康法》（以上世茂出版）等。福田稔（自律神經免疫治療權威）1939年，出生於日本福島縣，日本新瀉大學醫學部畢業，日本福田醫院醫師。日本自律神經免疫治療研究會理事長。1967年進入日本新瀉大學醫學部第一外科。自從1996年解開「晴天會引起盲腸炎」之謎後，就與闡釋「白血球的自律神經支配結構」的安保徹醫師共同研究。井穴和頭部刺絡療法，再搭配上獨自的研究，確立了可以提高免疫力來治療疾病的自律神經免疫療法。發展出深具療效的髮旋療法，並藉由親身實證建構出治療方法的基礎。', 5, 0, 0, 'http://cdn.kingstone.com.tw/book/images/product/20142/2014290244349/2014290244349b.jpg', NULL, NULL, NULL, NULL),
(146, 'book', '疾病是才能：生病一定是壞事嗎？', 150, '《疾病是才能：生病一定是壞事嗎？》\n★連續40週蟬聯日本Amazon健康保健排行榜前3名★《斷捨離》作者強力推薦：「生病，可以趕走心靈雜質。」生病真的是壞事嗎？我們的潛意識，會透過疾病說話，你聽見了嗎？打從心底「允許」自己康復，任何一種病都會自己好。★\n真正的治癒不是把病丟掉，而是讓它幫助你「生病了！為什麼倒楣的是我？」還在為疾病困擾不已，甚至自怨自艾嗎？其實生病絕不是你的錯，你也太小看疾病了！每種疾病都有非存在不可的理由，先別急著擺脫疾病，正視它、理解它、讓它來幫助你吧！你會發現，生病不僅並非壞事，我們甚至可以從中發現自己被埋沒的才能。★\n疾病，最瞭解你「好像不太舒服，總之先看醫生吧！」不論大病小痛，第一個念頭就想往醫院跑的人想必不在少數，其實這樣做不但造成醫療負擔，更會讓你喪失「與身體對話的機會」。「疾病」是身體發出的「訊號」，亂投醫以前，請試著解讀它！「我想向她道歉，卻拉不下臉來……」、「好想念我的家人！」、「好想休息一陣子。」我們的潛意識，會透過疾病說話，你發現了嗎？本書以「心理學」與「醫學」兩大角度切入，帶你重新認識疾病，透過3個步驟，180度反轉你對疾病的固有看法：【步驟1】\n丟掉否定想讓疾病對你說話，首先必須摧毀對疾病的負面想法。為什麼人體細胞一年會完全更新一次，疾病卻無法在一年內痊癒？答案是：你的潛意識不允許自己康復。千萬別小看心理作用，當你承認自己的貧窮，你就會看起來像個窮人，同樣地一旦對疾病貼上負面標籤，疾病就會徹底成為負面的東西，纏著你不放！打敗病痛的第一步不是逃避，而是「肯定疾病」，唯有拋棄對疾病的成見，你才會發現：原來疾病帶給我們的不是肉體上的痛苦，而是生命的成長。【步驟2】\n正視疾病疾病是體內被壓抑的負面能量「具象化的結果」。你可曾想過，以下這些不起眼的症狀都與潛意識有關？眼皮跳動不止的人，有不想被人看見的弱點；有鼻炎問題的人，想過濃稠而充實的人生；長期隱忍他人的傲慢與矛盾，讓你滿嘴蛀牙；嘴破、喉嚨痛的真正原因，也許來自你想捍衛的價值觀；辦公室上下人際關係的失衡，可能是肩頸痠痛的主因；腰痛表示你平輩關係出問題，要溫和地對待朋友；親人間的關係不睦，最容易讓你輾轉難眠……，從各種小病痛到慢性病、三大死因，每個疾病的背後，也許都隱藏著某種心理課題，等著你去發現。不妨試著從這些角度檢視疾病，從中發現自己被隱藏的人格特質。【步驟3】\n釋放疾病當你對身心的關聯性有多一點了解，表示你的意識已經開始轉變了！接下來將透過一些簡單的方法，解放副交感神經，釋放囤積在體內的各種負面能量。當疾病的負面能量往外釋放時，不但身體痊癒了，更能發現意想不到的才能。你也許不曾發現：有貧血問題的你，其實是個相當細心的人；常常頻尿的人，最懂得事情的輕重緩急；長期受荷爾蒙失調所困擾的你，擅於分配時間；有呼吸道問題的人，也許都有潛藏的藝術家天分……。疾病不可怕，它是演化的必經過程，幫助我們從中發現自己的潛能。本書5大特色：★透過簡單易懂的圖解、生動的案例分析，理解疾病背後的心理成因。★以醫學與心理學的交叉分析，提供新觀點，發現身體的另一種可能性。★提供心靈層面的改善方針，對症下藥，徹底治癒惱人的疾病。★收錄4個「左右腦測驗」，藉由動作檢視自己的個性，進一步了解潛意識對身體的影響。★圖解5種「簡易鍛鍊法」，從小動作著手，強化五臟功能。', 10, 0, 0, 'http://cdn.kingstone.com.tw/book/images/product/20141/2014100091170/2014100091170b.jpg', NULL, NULL, NULL, NULL),
(147, 'book', '57健康同學會：為健康把關的57堂課', 224, '《57健康同學會：為健康把關的57堂課》\n健康同學會，同學會健康！看電視長知識，深入閱讀更了解健康大小事。專家、學者、醫師、醫藥記者組成的堅強來賓陣容，為您細說解答一般民眾最想知道的57堂健康知識課：◎許多人每天在吞維他命，為什麼吃太多反而要你命？◎健康食品、保健食品傻傻分不清楚，到底該如何選擇？◎你吃的是食物還是毒物？十大抗癌食物與垃圾食物大PK報給你知。◎深海魚可能有汙染，蔬果常常驗出農藥殘留，你買的安心嗎？◎茶和咖啡怎麼喝最健康？喝水又有什麼學問和迷思？◎塑膠容器無處不在，寶特瓶、餐盒、水壺的使用危機四伏。◎你知道六大危險鞋嗎？住宅品質也會影響健康喔！◎禿頭有救嗎？「腸」保年輕有何重要呢？◎保肝、保胃、保腎祕訣完整大公開。◎網路流傳的健康知識，有很多是錯誤的，讓本書來逐一破解。還有許許多多的健康知識，儲存在這本「健康存摺」裡，在大家拼命賺錢為銀行存摺「加0」的時候，也別忘了要幫健康存摺登錄健康財喔！生活中有許多事可以輕鬆歸零，但只有健康是不能夠讓它倒退嚕的。', 9, 0, 0, 'http://cdn.kingstone.com.tw/book/images/product/20136/2013680005294/2013680005294b.jpg', NULL, NULL, NULL, NULL),
(148, 'book', '超驚人的藤本式疲勞退散法：三天給你不疲勞的身體！', 210, '《超驚人的藤本式疲勞退散法：三天給你不疲勞的身體！》\n肩、頸、腰、背痠痛一族的救星來了！只要改變眼、耳、口、鼻使用法「身體軸蕊」就能真正放鬆輕鬆練就「金剛不累之身」！★日本Amazon網路書店\n健康養生類\n第1名！★長時間穩居日本各大暢銷排行榜，話題指數No.1！過度使用眼睛捕捉外在訊息，聽到不想聽的話或噪音，有話想說卻必須忍住不說，聞到不喜歡的人事物的氣味，工作上勉強迎合的社交往來……這些都會讓我們的眼、耳、口、鼻處於緊張狀態，進而導致肩、頸、腰、背的慣性痠痛！風靡日本的藤本式疲勞退散法是可以立刻消除疲勞的簡單保健法，讓你疲憊不堪的身體重新擁有活力、精神百倍！風靡日本的「藤本式疲勞退散法」教你的事：．電腦3C族用眼不疲勞的工作方式．鬆弛眼睛肌肉的四個方法．長時間坐著、站著都不會累的方法．說話高手不會累的發聲法．放鬆嘴巴，連帶讓內臟都放鬆的方法．鬆弛「頭部軸蕊」蝶形骨的拉耳朵運動．運用「距離感」改善身體不適的方法．讓頭痛、腰痛等身體疼痛迅速退散的方法．解除社交緊張感的「肚臍感官」使用法．讓身心恢復安寧的「吸管呼吸法」你是否有過這樣的經驗？去給師傅按摩完肩頸腰背後，人覺得通體舒暢，可是過不了幾天，身體卻又再度疲累、僵硬。你可能會問，該如何徹底解除這樣的循環呢？答案很簡單！只要正確使用眼、耳、口、鼻等感官，就能夠解決這個問題。只要輕鬆地使用眼睛或耳朵，矯正姿勢，困擾多年的肩膀酸痛或腰痛問題都能迎刃而解，還能像職業運動選手那樣，靈活地運動身體。本書介紹的方法，任何人都能輕鬆學會。年齡、性別、有無運動經驗都不是問題。當你想做的時候就做，沒有任何限制。沒有硬性規定務必從哪個步驟開始，就從你最喜歡的主題部分開始練習。在宛若壓力鍋的現代生活中，想擺脫陳年疲倦感，獲得解放，正確使用身體感官，培養「安定的身心」正是當務之急。', 1, 0, 0, 'http://cdn.kingstone.com.tw/book/images/product/20141/2014110596733/2014110596733b.jpg', NULL, NULL, NULL, NULL),
(149, 'book', '想健康，先戒掉這些「好」習慣！', 198, '《想健康，先戒掉這些「好」習慣！》\n跑步讓人健康有活力？多喝牛奶可以補充鈣質？被人稱讚是「好人」很得意？日本良心名醫告訴你……大錯特錯!!!想健康就不要這麼做！不要運動！尤其「不要跑步」，因為跑步容易導致生病和老化！不要吃藥！藥物反而會毒害你的身體！不要攝取過量動物性蛋白質！你的身體其實不愛吃肉和喝牛奶！不要吃太多！減少熱量攝取，反而會讓人活力倍增！不要當好人！「好人」就是容易自找壓力的人！不要盲目相信醫生！因為醫生的知識是偏頗的！不要搭電梯！爬樓梯才是保護雙腿健康的救星！不要自己一個人！孤獨會讓人短命，生病時不要獨自面對！不要當工作狂！休息，才能讓工作更有效率！不要熬夜！熬夜是癌症的「好朋友」！以上這10個生活習慣，你犯了幾個？原來許多我們平常視為「金科玉律」的觀念，其實根本是錯的！日本名醫岡本裕根據多年行醫經驗，發現只要改變某些原本已成「自然」的生活習慣，就能讓慢性病人甚至癌症患者重獲健康，而且不但容易實行，也更能持久！在本書中，岡本裕醫師即針對其中影響現代人最大的十件事，一一破解健康迷思，並提出最簡單的戒除對策。一般健康書總是要你做這個做那個，但其實想要健康，你不用急著做什麼，只要「不做」，就能從此輕鬆甩掉病痛，安心過生活！', 15, 0, 0, 'http://cdn.kingstone.com.tw/book/images/product/20141/2014110611818/2014110611818b.jpg', NULL, NULL, NULL, NULL),
(150, 'book', '再忙，健康不可盲：寫給大忙人看的116+1個養生妙招', 237, '《再忙，健康不可盲：寫給大忙人看的116+1個養生妙招》\n難以治癒的身體頑症，一道小偏方就行；\n久久困惑的健康難題，一個小技巧就行。\n結合古今養生秘訣，簡化成116＋1個妙招，讓忙得連呼吸都覺得浪費時間的你，\n省時省力、便捷高效地站著養生、走著養生、坐著養生、睡著養生……\n不生病其實很容易，整理一下你工作之餘的「零碎時間」來養生，一樣可以掌握了健康與美麗的奧秘。\n一看即懂的保健知識，一學就會的養生技巧\n生活中的大忙人，竟日忙字當頭，完全沒時間去管理健康，把自己的身體當做了垃圾桶和超負荷運轉的機器，給疾病創造了滋生的「舒適」環境，甚至還不斷地給疾病輸送「營養」。\n做這樣的大忙人，健康智商實在太低了。\n再忙，健康不可盲。\n本書所教給你的，正是如何在忙碌的生活裡毫不費力地獲得健康的方法，讓你輕輕鬆鬆做一個快樂健康的大忙人！\n所以，沒時間不是藉口，沒精力沒有關係，沒條件也可以創造條件，只要你願意，就可以跟我一起隨時隨地為自己的健康銀行存上一筆存款。\n相信我，這絕對會成為你最超值的投資！', 2, 0, 0, 'http://cdn.kingstone.com.tw/book/images/product/20141/2014110705180/2014110705180b.jpg', NULL, NULL, NULL, NULL),
(151, 'book', '食林改錯 七大排毒迷思', 251, '《食林改錯\n七大排毒迷思》\n作者以國內外所學及多年在加拿大多倫多對各種族裔與不同族群累積的臨床經驗，自許效法清朝名醫家王清任改革中醫的精神，改革食療界的亂象與缺失而撰寫本書，期盼將這具有中醫改革的歷史意義衍生到食療的改革，能在「食林界」發揮撥亂反正的作用，為關心自我和親人健康的有心人士，提供具科學驗證、臨床實踐的全方位專業養生食療觀。\n融合西方營養學說與國際自然醫學主流派學說——傳統中醫學(TCM)、印度吠陀醫學(Ayurveda)、歐洲順勢醫學Homeopath及分子矯正醫學(Orthomolecular\nHealth)，在此專業架構下，讓讀者釐清真確的健康常識和排毒觀念，進而擁有健康。\n排毒本身屬於「廣義食療」範圍。錯誤的食療養生排毒觀念不僅無法達到此目標，反而適得其反。本書主要協助讀者釐清對七大排毒管道和各排毒管道所需營養素的迷思，嘗試以完整的架構與多元化的知識，包括食療、穴位按摩、淋巴引流、藥浴、保健食品等方法協助讀者打開人體這七大排毒管道，進而達到預防疾病，永保健康。\n人體有皮膚、肺、大腸、肝臟、腎臟、淋巴系統及血液等七大排毒管道。不論養生、改善過敏體質、提升免疫力、預防慢性疾病或防癌，最基本要能打開人體這七大排毒管道，讓這七大排毒管道暢通無阻，身體才能健康。排毒因時因地因人而異，排毒和養生觀不可分割，排毒不僅是防癌的根源，更是預防精神疾病、抗老防衰，治療過敏的基礎。', 13, 0, 0, 'http://cdn.kingstone.com.tw/book/images/product/20141/2014130402397/2014130402397b.jpg', NULL, NULL, NULL, NULL),
(152, 'book', '活不到100歲，那是你的錯：健康活到天年，6成靠自己！', 261, '《活不到100歲，那是你的錯：健康活到天年，6成靠自己！》\n長壽食材、不老祕方、回春經絡，讓你不怕老年病！\n要長壽更要健康，身體沒病痛，才能享樂生活！\n為什麼你活不到天年？\n√生理時鐘顛倒，睡姿錯誤阻礙呼吸？\n√光吃不動，身材變形？\n√不按四季節氣保養，錯過顧好五臟時機？\n√生病只靠藥物，不從飲食改善？\n√喜怒無常，多愁善感，憂思過度？\n──其實，屏除遺傳、外在環境等條件，你掌握6成關鍵能活到天年！\n活到100歲從自己開始，讀懂長壽密碼！\n★四季延年益壽法：春養肝，夏養心，秋養肺，冬養腎。\n★養生8大穴：足三里治萬病、合谷防中風、百會活絡腦部……\n★飲食3原則：口味清淡、只吃當季，一口肉配三口菜。\n★小食材大功效：芹菜排毒、山藥補脾、糯米暖胃、木耳降三高。\n★生活小妙招：早起一杯水，睡前泡泡腳；右側睡助眠、遠離憂鬱。\n★簡易不老術：搓臉搓耳、按壓手腳、全身拍打、揉腹呼吸。\n★調理老年常見病：按腰眼穴舒緩腰腿痛，吃黃豆、山楂預防動脈硬化，吃堅果改善糖尿病，飯前散步降血脂……\n關於本書\n本書以《黃帝內經．靈樞．天年篇》為切入點，介紹四季該注意的健康細節和五臟保養觀念。並從經絡保健穴位、益壽食材的美味食譜及簡易運動等實作中，直接讓身體獲得改善。除了生理，心理健康也是活得久又活得好的關鍵！教你轉轉念，樂觀面對中老年生活變化的衝擊，還有常見老年病症的調治妙方，讓你與病症和平共處，帶病也能安養天年！', 13, 0, 0, 'http://cdn.kingstone.com.tw/book/images/product/20141/2014130403769/2014130403769b.jpg', NULL, NULL, NULL, NULL),
(153, 'book', '圖解人體生理學', 277, '《圖解人體生理學》\n消化系統怪怪的？呼吸好急促？\n傻傻搞不清楚哪裡有問題\n~\n本書教你，從頭到腳解析生理系統運作！\n多數人一看到這書名，一定會覺得這跟我毫無關係，並自行下定論這是「醫學生」才需要看的書籍！若你也這樣想，那就大錯特錯了！\n「生理學」其實與我們的生活息息相關，可堪稱是一本「生活教科書」！\n身體哪個環節出問題，在這本書通通可以找到答案。人如果沒有呼吸，就會死亡，這個道理很簡單，大家也都知道。但你知道呼吸的結構跟運動為何嗎？「呼吸」絕對不僅是單純靠著肺部就能運動的！\n為什麼戒菸就會開始變胖呢？為什麼別人的酒量那麼好？最近老是睡不好，還常常「失眠」，一整晚翻到天亮！壓力大到生理心理通通出問題？你是不是生活中也存在著這些大小問題呢？\n只要你徹底瞭解「生理學」，就能從根本去理解、改善這些問題！\n本書將生理運作，分為十個單元分別解說，並搭配超清楚的人體圖解、運轉結構圖等，讓你從頭到腳完全搞清楚，生活大小問題，一次解決！除各單元的解說外，也與大家分享「趣味教室」，醫學不再那麼死氣沉沉了！\n簡單來說，「生理學」就是「生存的原理」，也就是有關生理的機制或機能的知識。\n若能了解身體基本的機能與構造，就能進一步了解有關這些機能或構造發生某種異常時的疾病狀態！養好健康的身體，就不再是件難事了！請絕對不要錯過這本書！！\n本書特色\n1.生理機能、系統完整圖解，讓讀者一目瞭然，紅字標注重點，查詢更快速。\n2.隨書附贈「紅色暗記版」，使用暗記板時重要用語會被隱藏喔～間接幫助您訓練記憶力！！\n3.輕鬆瞭解常見的生活大小問題、生理循環構造，並進而改善、解決！\n4.十大單元搭配「MEDICAL\nCOLUMN（疾病/醫學專欄）」、「LABORATORY（趣味教室）」，讓醫學不再那麼死氣沉沉！', 13, 0, 0, 'http://cdn.kingstone.com.tw/book/images/product/20139/2013970024530/2013970024530b.jpg', NULL, NULL, NULL, NULL),
(154, 'book', '真原醫：21世紀最完整的預防醫學', 277, '《真原醫：21世紀最完整的預防醫學》\n暢銷200,000冊驚喜回饋！！加值不加價！隨書附贈40分鐘《真原醫－\n螺旋運動示範光碟》\nDVD★蟬聯30週各大通路暢銷排行榜Top1★台灣、星馬港澳等華文地區持續熱銷中\n★廣獲企業機關、學校圖書館與讀書會好評推薦\n超值回饋！40分鐘《真原醫－\n螺旋運動示範光碟》\nDVD螺旋運動是由內而外徹底的拉伸與放鬆，可活動到身體全部的關節，不僅可改善肌肉耐力還能提高關節的柔軟度，在動靜合一中讓身體更靈活順暢。什麼是真原醫？/真原醫運動新觀念/基礎螺旋拉伸運動示範/螺旋運動的重要性解說：楊定一博士/動作示範：長庚生技\n吳長泰老師真原醫\n是最古老也最先進的醫學，相信完全的療癒需要身、心、靈的徹底轉變！身為傑出的醫學研究者與醫師，楊定一結合古老醫學文化和先進奈米科學，找到身心靈平衡且健康的祕訣，既是古代也是現代，既屬常識也屬專業，既是神學也是科學。與大自然和諧共處，從飲食、運動、呼吸、思緒與情緒管理主動追求，並提醒自已，常存感恩、懺悔、希望與回饋的念頭，慈悲是宇宙最大的療癒力量！需要徹底轉變心念，才能恢復健康！\n作者在書中分享，如何從適量的天然物質來營造支持細胞正常功能的最佳環境，來預防及治療疾病。藉由飲食的新概念、姿勢與消化系統的健康到修身、修心到身心靈的全面診治，包含練功靜坐到行為心性的改變，描繪出一個恢復整體健康的藍圖。‧\n陽光是能量的來源，人體所有的能量都源自太陽的光線‧\n富含酵素的生機飲食、彩虹般的蔬果，將可讓身體自己發揮治癒的力量。‧\n蠕動緩慢的腸道，會導致不良的姿勢，簡單的療效性姿勢，將可帶來調正與疏氣活絡的效果。‧\n螺旋原理的運動科學，徹底拉伸可達深層的結構調整，動靜合一中讓身體更靈活順暢。‧\n心中充滿感恩、關懷、慈悲時，心臟會出現協調的頻率，使心血管功能良好，神經系統處於平衡狀態。‧\n研究證實心臟的電磁場是腦的四千倍以上，心與腦的電磁場有著極強的同步性，當人體覺得愈和諧，心腦之間的同步性就愈強。‧\n心臟智慧如同「EQ」，當心中感到委屈或憤怒時，只要真誠地說「謝謝」，就能讓念頭歸零，遠離情緒與煩惱的框架。', 11, 0, 0, 'http://cdn.kingstone.com.tw/book/images/product/20141/2014120039060/2014120039060b.jpg', NULL, NULL, NULL, NULL),
(155, 'book', '醫生在說謊：無良醫師會為了「自身利益」而撒謊，我該如何自保？！', 198, '《醫生在說謊：無良醫師會為了「自身利益」而撒謊，我該如何自保？！》\n掝動日本3個月迅速5刷！\n只有醫生才知道！揭露醫界不為人知的真相！\n輕則浪費錢採行無效醫療，重則面臨副作用危害性命，\n你，還敢全盤相信醫生嗎？\n全民注意！以下資訊你知道嗎？\n抗癌劑其實具有「致癌性」！\n「人工關節」是整形外科吸金的法寶？\n「消滅幽門螺旋桿菌」會提高罹患食道癌的風險！\n持續服用「骨質疏鬆症治療藥物」達十年以上將罹患癌症！\n醫師會以「吃心安」名義開立無效清血劑給患者服用！\n生病，我們第一個念頭就是去看醫生，從輕微感冒到迫害生命的疾病，醫生的一句話往往會影響患者的未來，若是遇見醫德品德高尚的醫生，那就謝天謝地，但是碰到的是惡質醫生呢？為了自身利益不惜說謊，甚至斷送患者美好人生！\n新日本橋石井診所院長．石井光醫生，在透過與眾多患者的接觸之下，發現部分醫生會視情況而選擇說謊，主要就是以利益為重，不忍看著這種惡習蔓延，因此出版本書，希望藉由此改善醫界風氣，進而成為醫界的一股清流。\n藉由本書看透醫生的謊言，自己的身體只有自己才能守護！\n本書特色\n●你不敢相信：\n發售十年，才發現毫無效果的抗癌補給品！\n即使治療糖尿病，也無法令併發症的症狀減輕！\n最好不要相信以手腳做為檢測部位的骨質密度！\n事實上新藥只能發揮30％效果\n原料不同，營養補給品的效果也會截然不同！\n推出所謂「名醫著作」的大學教授，比起動手術他們更擅長寫論文！？\n●本書幫助你掌握識破醫師謊言的能力，作者提供42條正確建言，幫助國家減少國民醫療費用，也幫助你守護自身與家人的生命安全！', 13, 0, 0, 'http://cdn.kingstone.com.tw/book/images/product/20141/2014100103682/2014100103682b.jpg', NULL, NULL, NULL, NULL),
(156, 'book', '做對3件事，年輕20歲：陳俊旭博士的完全逆老聖經', 261, '《做對3件事，年輕20歲：陳俊旭博士的完全逆老聖經》\n人的老化程度與年齡無關，\n營養做好、放鬆做對、運動做滿，\n你也能健康活到120歲！\n自然醫學博士陳俊旭指出，身體就如同一間隨時在「破壞」與「建設」的房子，所謂老化，就是人體裡的破壞大於建設，若能用對方法，讓體內的建設大於破壞，自然能減緩老化，甚至變得更年輕！\n逆轉老化，從調整健康觀念開始！\n●70歲應該是人類的壯年而非老年！\n根據細胞學推算，人類壽命可達120歲，而現代人因為飲食、作息與生活形態出了問題，以至於提早腦力衰退、視茫髮蒼、不良於行、疾病纏身，活不到應有的天命。\n●熟食會讓人提早老化！\n雖然熟食可以殺菌、殺寄生蟲、使食物變得美味，卻也破壞了維生素C與其他成分，導致抗氧化劑與營養攝取不足，引起各種發炎、老化反應。\n●不會放鬆，等同於慢性自殺！\n現代人生活壓力大，長期緊張會使人體一直處在「存活模式」，產生大量的死亡賀爾蒙，不僅破壞身體的組織器官與免疫力，也提高罹病風險。\n●生理年齡，取決於大腿的肌肉結實度！\n人體70%的肌肉在下半身，其中新生成肌肉在收縮時，會分泌能抗老化、抗癌的「肌肉激素」，因此，大腿肌肉愈結實、有力，全身器官就會愈年輕！\n最天然簡單的抗老計畫，二個月活化全身機能！\n●力行抗老化飲食四大招\n●針對體質補充特殊營養素\n●監測睡眠、克制打鼾，每天熟睡四小時\n●每天交叉訓練一小時，強化大腿肌肉\n●80%體表曬太陽，提升免疫力\n貫徹以上計畫，遠離自由基、毒素、死亡荷爾蒙、醣化蛋白的危害，落實正確的排毒、營養、放鬆、睡眠、運動原則，你將經歷身心狀況大幅改善、年輕20歲的逆齡奇蹟！\n本書特色\n1.有別於一般西醫，以自然醫學觀點提出最新的抗老化觀點。\n2.完整歸納現今最新老化的成因理論，從中找出問題癥結點。\n3.針對各器官、組織的老化症狀，提出專門對症下藥的改善辦法。\n4.化繁為簡，提出促進健康的「營養」、「放鬆」、「運動」三大精髓。\n5.「做對3件事，年輕20歲」特別計畫，提供讀者具體、可遵行的方法與原則。', 6, 0, 0, 'http://cdn.kingstone.com.tw/book/images/product/20141/2014110727588/2014110727588b.jpg', NULL, NULL, NULL, NULL),
(157, 'book', '身體平衡，就有好情緒！走出折磨人的情緒問題，根治反反覆覆的生理疾病，最徹底的身心健康方案', 277, '《身體平衡，就有好情緒！走出折磨人的情緒問題，根治反反覆覆的生理疾病，最徹底的身心健康方案》\n為什麼現在人疾病越來越多，治療反反覆覆總是缺乏成效？那是因為你不懂情緒！情緒也是一種身體感覺，情緒糟，不是你的個性糟，是身體在向你發出警訊！身體要健康，心理也要排毒，《要瘦就瘦，要健康就健康！》暢銷書作者賴宇凡，結合自然醫學與行為治療，提出最全面的健康方案。你知道嗎？腦部能量供應不穩定、身體組織營養供給不均衡、缺水、腸胃道問題、過敏、重金屬累積、藥物影響、日曬不足，都會讓你｢有情緒｣！情緒不是罪，它是身體內建給我們最好的警報器，告訴我們身心在那裡失衡，該做什麼修正。如果我們忽略感覺和情緒，就會離平衡愈來愈遠，最後身體和心理都會產生疾病。你可能不知道，這些都是身心失衡的表現──․即使很飽也想一直吃，只有吃飽才覺得快樂，都是因為多巴胺在作崇？․過度憂鬱或防衛心強，都是血糖不平衡腺體受傷的情緒表現？․再怎麼營造氣氛，沒性趣就是沒興趣，可能是你的膽固醇過低或缺水造成的？․思緒不清楚，精神總是無法集中，可能是你的腦部能量供應出問題？․腸道壞菌分泌的毒素會讓你感官扭曲甚至思考扭曲，一點小聲音也能讓你完全睡不著？․缺水會使得神經傳導素傳遞不良，激化情緒反應，讓你緊張更緊張，憂鬱更憂鬱？․腸神經系統負責製造體內５０％的多巴胺，腸道有問題，學習力、記憶力和注意力都會全面受損？․循環系統不好的人總是猶猶豫豫無法下決斷？其實，想一直吃不是因為你貪吃，會憂鬱不是因為你想不開，工作沒精神不是因為你懶惰，焦慮不是因為你太緊張，沒性慾不是因為你不夠猛，\n任何心理或生理症狀都互相糾結，不同時處理使得復原再三拖延，是因為你不知道它們彼此相關！人體在設計的時候身和心原本就是一個整體，忽略任何一端，都不可能得到真正的健康。找出讓你情緒失衡的生理原因，接受情緒成為你行動的指標，適度進行行為管理，那麼疾病無論在任何一個階段都可能轉向。作者賴宇凡結合自然醫學與行為治療，提出最全面的健康方案──․進行血糖平衡飲食：腎上腺不歪斜，荷爾蒙就不會在不該出來的時候作怪․檢測營養元素是否失衡：營養元素全面且足夠，身體就不會在心理需要支持的時候缺席․修復腸道消滅腸道壞菌：腸道健康，神經傳導物質就不失調，感官感受自然不失衡․找出過敏原：用｢食物排除法｣排除過敏食物，讓情緒不再跟著暴起暴落․平衡礦物質、補足水分：電解質平衡，神經傳導不失衡，就能在該緊張時緊張，該放鬆時放鬆․接受情緒，適時行為管理：用平衡的情緒做自己行為的指標，打斷讓身體不適的惡性循環․運用自由意志，進行正向思考：找到引發情緒的思想等號，運用自由意志，身心都能跟著轉向無論你是想提高面對日常生活的抗壓力，或是已被指認為某種心理症狀的患者，或長期陷入某種循環生理疾病遲遲無法治癒的人，這本書都能從根本給你意想不到的幫助。附錄：幫助心理症狀的營養補充品選擇方法附贈：情緒指認小卡', 6, 0, 0, 'http://cdn.kingstone.com.tw/book/images/product/20141/2014110600119/2014110600119b.jpg', NULL, NULL, NULL, NULL),
(158, 'book', '減重後，這些疾病都消失了！劉博仁醫師的營養療法奇蹟5', 261, '《減重後，這些疾病都消失了！劉博仁醫師的營養療法奇蹟5》\n每天一杯果汁，健康又減肥？吃素的人不用擔心肥胖或膽固醇過高？吃減肥藥簡便效果又好，是減肥王道？經常熬夜可以幫助減肥？吃得少就瘦得多，減肥一定要節食？小心！錯誤的減肥方法可能會讓你傷了身體，還越減越肥！\n★破除減重9大迷思，讓你不走減重冤枉路★\n肥胖除了影響美觀、自信和人際關係外，更是危害健康的頭號殺手。你可能不知道，體內許多的生理作用，都是體重超重開始產生變化，且容易引發疾病，例如：高血壓、高血脂、冠心病、糖尿病、腎臟病、癌症等慢性和重大疾病，都和它脫不了關係，甚至骨質疏鬆、退化性關節炎、睡眠呼吸中止症、不孕症，也都是肥胖者難以避免的痛！因此，不論是為了追求健康、長壽，還是重拾自信、活力，擁有良好生活品質和人際關係，減重都是唯一的選擇。\n台灣營養醫學第一人劉博仁醫師在臨床上發現，許多人減重之所以屢戰屢敗，是因為許多減重迷思，以致使用錯誤減重方法，因此他特別「破除減重9大迷思」，包括【迷思1】單一食物減重法：只吃香蕉、蘋果或喝蔬果汁，沒減掉脂肪，卻減掉水分與肌肉；【迷思2】吃減肥藥：結果錯用含安非他命的非法減肥藥；【迷思3】任意節食不運動：反而減掉肌肉拖慢新陳代謝，結果不但弄壞身體，還導致溜溜球效應，越減越胖；【迷思4】熬夜少睡：睡眠不足的人吃東西不容易有飽足感，容易吃過多，結果減掉的肌肉量比脂肪量多，造成體脂率上升……等，都是無效減重的罪魁禍首！\n★營養醫學打造7大減重金鑰，讓你戰勝肥胖大敵★\n本書是劉博仁醫師繼暢銷書《疾病，不一定靠「藥」醫》、《營養醫學抗癌奇蹟》、《完全根治耳鼻喉疾病》之後，再度以營養醫學的專業搭配主流醫學，協助慢性及重大疾病患者，透過營養醫學健康減重不復胖後，同時各種宿疾不藥而癒的減重專門書！書中特別揭露「營養醫學的7大減重金鑰」，例如：(1)抗發炎，避免肥胖之火；(2)管好內分泌及荷爾蒙，有效控制肥胖；(3)別讓過敏食物，成了減重絆腳石；(4)腸道菌相失衡，會讓下一代也肥胖；(5)肝臟排毒順暢，全身無負擔；(6)為粒腺體充電，給細胞滿滿能量；(7)戒斷甜食，啟動腦內減重革命。同時，書中也針對上述狀況揪出會讓身體肥胖的生活習慣與食物，並提供讀者可以自我保健的金鑰食物及營養補充品建議。\n當然，「維持不復胖」是最重要的，因此本書也會告訴讀者不復胖的「10個必勝習慣」，像是喝果汁不如吃水果、減少應酬及外食次數、尋找減重麻吉戰友相互激勵……等等，並提供專業營養師設計的12道食譜，教你如何拒當外食族，輕鬆為自己料理好吃又健康的「減重健康餐」，讓你徹底和肥胖說掰掰！\n本書特色\n◆10大健康理由，讓你非減重不可：你知道嗎？肥胖不只是美觀、自信的問題，肥胖還會引發脂肪肝、糖尿病、高血壓、腎臟病、牙周病、不孕症、憂鬱症、睡眠呼吸中止症、退化性關節炎與骨質疏鬆症，甚至癌症等慢性病及重大疾病！\n◆9大減重迷思，揪出無效減重的罪魁禍首：你認為「肥胖是體質，怎麼努力都無法改變」、「運動量越多，減重就越容易成功」、「睡眠越少，越能燃燒脂肪」、「單一食物減肥法，一定能減重」、「吃減肥藥，輕鬆方便效果又好」……嗎？小心！這些錯誤的減重方法，是害你「越減越肥」和「復胖」的罪魁禍首。\n◆7大金鑰，營養醫學成功減重不復胖：你是不是總是在減重卻又經常復胖？本書提供營養醫學最新發現，針對7大肥胖病因提供解決金鑰，包括：降低身體發炎、平衡內份泌和荷爾蒙、解決慢性過敏、改善腸菌相失衡、強化肝臟排毒功能、幫助細胞充電……等，幫你徹底擺脫肥胖困擾，找回健康人生。\n◆10個減重好習慣，讓你徹底告別肥胖：減重是長期抗戰，除了找出真正肥胖的原因外，更需要養成能助你一臂之力的必勝好習慣，像是：控制主食熱量、撰寫飲食日記、戒掉3C產品、打造優質睡眠環境、做有氧運動、不輕易網路謠言……等，才能讓減重之路走向康莊大道。\n◆12道營養師專門設計的健康料理：包括：香蔥鮭魚飯、甜椒炒透抽、麻油蛋糙米米粉、南瓜魚片煲、雙菇香紅葵、青蒜燒豆腐、牛蒡豆皮捲、塔香烘蛋、紅茄毛豆丁……等，自己做好吃又健康的減肥餐，為你的健康及減肥加油！\n◆台灣營養醫學第1人：現任台中澄清醫院耳鼻喉科主任，同時也是營養醫學門診主任的劉博仁醫師，不但被商業周刊票選為「百大良醫」之一，也是台灣教學醫院開設「營養門診」的第一人。\n■讀者群設定\n（一）有肥胖問題家人者，或有肥胖問題的人\n（二）想健康減重，做好體重管理的人\n（三）減重管理專業醫護人員', 11, 0, 0, 'http://cdn.kingstone.com.tw/book/images/product/20141/2014110727878/2014110727878b.jpg', NULL, NULL, NULL, NULL),
(159, 'book', '情緒的毒，身體知道：從身體找到控制情緒的開關，跟生氣、不安、悲傷、憂鬱、恐懼說再見，啟動健康自癒力', 221, '《情緒的毒，身體知道：從身體找到控制情緒的開關，跟生氣、不安、悲傷、憂鬱、恐懼說再見，啟動健康自癒力》\n每個人都擁有名為「身體」的人生導師，\n坦率面對自己的身體，就是坦率面對自己的心理。\n★《心裡的苦，身體知道》作者好評佳作，日本亞馬遜Amazon.com讀者4.5顆星讚譽\n★從2萬2千名病例所得到的實證，身體的症狀是在提醒我們「為自己而活」的訊號！\n●肚子裡的脂肪是心煩氣躁的集合體\n●閃到腰是又氣又急所引起\n●手乾燥呈現「都是我在忙…」的不滿\n●消化不良是愛操心、想太多導致\n●小腿僵硬通常人生也亮黃燈\n●感冒可能是忍住不哭的副作用\n●便秘其實是愛拖延的呈現\n●頻尿是對資訊焦慮的反應\n簡單動作做一做，改變身體的習慣，告別壞情緒！\n轉念並不容易，如何放下憤怒、不安、悲傷、憂鬰、恐懼等負面情緒，只要改善身體的習慣、練習一些簡單動作，情緒立解，找回自在安定的自己。\n●生氣時不管三七二十一先睡了再說，補肝兼消氣。\n●改善脖子僵硬就能釋放忌妒及壓力，還能保養雙手。\n●伸直手臂向前看，緊實上臂肌肉並擺脫猶豫不決。\n●想哭就哭，排除身體濕氣，還能預防感冒。\n●利用呼吸好好「吐出情緒」，真正鬆一口氣！\n●放鬆肩膀，就能放下沒自信的沮喪感。\n●按摩小腿肚，預防便秘，還能擺脫愛拖延的毛病。\n●家裡打掃乾淨、丟掉不必要的東西，就能調整恐懼心理。\n●抬頭挺胸走路，姿勢變端正，還能防堵憂柔寡斷的想法。\n「情緒」累積過度會毒害身體！\n生氣、煩躁、不安、悲傷、恐懼等情緒，就初期反應來說，是必要的存在，也是人類生存下去不可或缺的「功能」。但是，若持續抱持生氣、恐懼、不安的情緒，會帶給身體「毒害」！\n作者從事連結心理與身體的諮商工作將近二十年，綜合心理學與生理學，以豐富的臨床經驗，解說情緒與身體之間的連結關係，告訴讀者「只要懂得調整心理就不易生病」的理由。\n本書針對「生氣、心煩氣躁」、「猶豫、不安」、「悲傷、寂寞」、「憂鬱、無精打采」、「恐懼、害怕」等現代人最容易煩惱的五種代表性情緒，分別提出有效的應對法與消解法。\n只要瞭解情緒的形成機制，以及對身體的影響方式，就能將「情緒的毒」趕出身體。拋棄不必要的情緒，讓自己神清氣爽，人生因此逆轉勝！\n◆生氣、煩躁會影響肝臟運作，排毒不順身體易出狀況。\n可能症狀：痔瘡、指甲剝離、貧血、經期不固定、腰痛、牙齦發炎、眼睛疲勞、淺眠多夢\n◆愛操心、想太多會讓情緒鬱卒，傷到胃、脾臟、胰臟等消化系統。\n可能症狀：反胃、腹痛、胃脹氣、消化不良、腹瀉、蕁麻疹、蛀牙、帶狀皰疹、經血量多、經痛\n◆悲傷、寂寞、失落易造成氣虛，影響肺和呼吸系統。\n可能症狀：鼻塞、流鼻水、花粉症、便秘、氣喘、喉嚨痛、咳嗽、感冒、右肩痛、畏寒\n◆憂鬱、沒精神就會不開心，不利心臟及循環系統。\n可能症狀：失眠、倦怠無力、打呼、嚴重健忘、心悸、心律不整、左肩痛、易焦慮緊張、手腳冰冷\n◆恐懼、提心吊膽會導致腎氣下洩，妨礙腎臟功能運作。\n可能症狀：耳鳴、重聽、眩暈、白髮、掉髮、攝護腺炎、頻尿、腳踝扭到、腿部浮腫', 12, 0, 0, 'http://cdn.kingstone.com.tw/book/images/product/20141/2014110733497/2014110733497b.jpg', NULL, NULL, NULL, NULL),
(160, 'book', '一直流傳下來的健康誤解', 190, '《一直流傳下來的健康誤解》\n你是否曾有以下的經歷：感到渴了才喝水，用濃茶醒酒，邊飲酒邊吸菸，開水沖雞蛋，牛奶加糖同煮，水果不削皮就吃，涮羊肉要涮得很嫩，為求健康只吃素食，先喝酒後吃菜，濕著頭髮就睡覺，起床後喜歡睡個「回籠覺」，室內常用芳香劑除異味，渾身大汗沖涼去，為了美麗常穿高跟鞋，趴在桌子上睡午覺，病好了立即停藥…\n也許這些行為你早就習慣了，或者根本不覺得這些是個問題，可是健康專家提醒你，生活習慣與健康是有著密切聯繫的。因此，我們應該從身邊的生活細節入手，拋棄那些看似正常實則極不健康的生活習慣，這樣至少能讓我們離可怕的疾病更遠一些，讓健康相伴左右。\n做健康的主人，這是每個人對自己負責的表現。其實我們每個人都擁有自己的健康金鑰匙，只要我們真的願意去開啟。但是生活中，並不是每個人都有足夠的意識，細心地去做，並做好它。作為身體主人的我們，總是一次又一次地在無意中放手，一遍又一遍地在找藉口來原諒自己的壞習慣，而我們手裡的健康金鑰匙，就這樣被塵封在某個幽靜的角落，無法綻放金色的光芒，並終有一天致使我們與健康擦肩而過，煩惱與疾病開始不斷地糾纏。\n與那些必須要做的事情相比，一些健康禁忌最容易被忽略。健康像一本存摺，你投入多少，你就會得到多少，有時候還可能會有令人驚喜的「利息」，這是快樂和幸福的；而當你不注意一些禁忌，錯存帳號，最後結果只能是糟糕透頂。\n本書特色\n喝水真的有益健康嗎？\n水果吃越多越好？\n空腹不可以喝茶？……\n提醒你，生活習慣與健康是有著密切聯繫的。因此，我們應該從身邊的生活細節入手，拋棄那些看似正常實則極不健康的生活習慣，這樣至少能讓我們離可怕的疾病更遠一些，讓健康相伴左右。', 15, 0, 0, 'http://cdn.kingstone.com.tw/book/images/product/20142/2014290279440/2014290279440b.jpg', NULL, NULL, NULL, NULL);

-- --------------------------------------------------------

--
-- 資料表結構 `product_review`
--

CREATE TABLE `product_review` (
  `id` int(10) NOT NULL,
  `account` varchar(12) COLLATE utf8_unicode_ci NOT NULL,
  `product_id` int(10) NOT NULL,
  `time` datetime NOT NULL,
  `text` text COLLATE utf8_unicode_ci NOT NULL
) ENGINE=InnoDB DEFAULT CHARSET=utf8 COLLATE=utf8_unicode_ci;

--
-- 資料表的匯出資料 `product_review`
--

INSERT INTO `product_review` (`id`, `account`, `product_id`, `time`, `text`) VALUES
(1, 'test01', 1, '2016-05-31 20:39:06', '專為大腦運作而設計的豐富視覺化風格，而不是令你昏昏欲睡的冗贅敘述。'),
(22, 'test01', 1, '2016-06-02 16:42:16', '1'),
(23, 'test01', 1, '2016-06-02 16:42:18', '2'),
(24, 'test01', 1, '2016-06-02 16:42:20', '3'),
(25, 'test01', 1, '2016-06-02 16:42:23', '4');

--
-- 已匯出資料表的索引
--

--
-- 資料表索引 `3c`
--
ALTER TABLE `3c`
  ADD PRIMARY KEY (`id`);

--
-- 資料表索引 `book`
--
ALTER TABLE `book`
  ADD PRIMARY KEY (`id`);

--
-- 資料表索引 `game`
--
ALTER TABLE `game`
  ADD PRIMARY KEY (`id`);

--
-- 資料表索引 `member`
--
ALTER TABLE `member`
  ADD PRIMARY KEY (`id`);

--
-- 資料表索引 `order_list`
--
ALTER TABLE `order_list`
  ADD PRIMARY KEY (`b_id`);

--
-- 資料表索引 `order_product`
--
ALTER TABLE `order_product`
  ADD KEY `b_id` (`b_id`),
  ADD KEY `product_id` (`product_id`);

--
-- 資料表索引 `product`
--
ALTER TABLE `product`
  ADD PRIMARY KEY (`id`),
  ADD KEY `type` (`type`),
  ADD KEY `price` (`price`);

--
-- 資料表索引 `product_review`
--
ALTER TABLE `product_review`
  ADD PRIMARY KEY (`id`),
  ADD KEY `product_id` (`product_id`),
  ADD KEY `account` (`account`);

--
-- 在匯出的資料表使用 AUTO_INCREMENT
--

--
-- 使用資料表 AUTO_INCREMENT `member`
--
ALTER TABLE `member`
  MODIFY `id` int(10) NOT NULL AUTO_INCREMENT COMMENT '會員編號', AUTO_INCREMENT=3;
--
-- 使用資料表 AUTO_INCREMENT `order_list`
--
ALTER TABLE `order_list`
  MODIFY `b_id` int(10) NOT NULL AUTO_INCREMENT COMMENT '單號id';
--
-- 使用資料表 AUTO_INCREMENT `product`
--
ALTER TABLE `product`
  MODIFY `id` int(10) NOT NULL AUTO_INCREMENT COMMENT '商品編號', AUTO_INCREMENT=161;
--
-- 使用資料表 AUTO_INCREMENT `product_review`
--
ALTER TABLE `product_review`
  MODIFY `id` int(10) NOT NULL AUTO_INCREMENT, AUTO_INCREMENT=27;
--
-- 已匯出資料表的限制(Constraint)
--

--
-- 資料表的 Constraints `3c`
--
ALTER TABLE `3c`
  ADD CONSTRAINT `3c_ibfk_1` FOREIGN KEY (`id`) REFERENCES `product` (`id`) ON DELETE CASCADE ON UPDATE CASCADE;

--
-- 資料表的 Constraints `book`
--
ALTER TABLE `book`
  ADD CONSTRAINT `book_ibfk_1` FOREIGN KEY (`id`) REFERENCES `product` (`id`) ON DELETE CASCADE ON UPDATE CASCADE;

--
-- 資料表的 Constraints `game`
--
ALTER TABLE `game`
  ADD CONSTRAINT `game_ibfk_1` FOREIGN KEY (`id`) REFERENCES `product` (`id`) ON DELETE CASCADE ON UPDATE CASCADE;

--
-- 資料表的 Constraints `order_product`
--
ALTER TABLE `order_product`
  ADD CONSTRAINT `order_product_ibfk_1` FOREIGN KEY (`b_id`) REFERENCES `order_list` (`b_id`) ON DELETE CASCADE ON UPDATE CASCADE,
  ADD CONSTRAINT `order_product_ibfk_2` FOREIGN KEY (`product_id`) REFERENCES `product` (`id`) ON DELETE NO ACTION ON UPDATE CASCADE;

/*!40101 SET CHARACTER_SET_CLIENT=@OLD_CHARACTER_SET_CLIENT */;
/*!40101 SET CHARACTER_SET_RESULTS=@OLD_CHARACTER_SET_RESULTS */;
/*!40101 SET COLLATION_CONNECTION=@OLD_COLLATION_CONNECTION */;
